,[Brent].[Crude Oil Futures Prompt Month].[NYMEX].[USD]
AsOf,PRICE
,
3/27/2006,65.85
3/28/2006,66.97
3/29/2006,67.52
4/25/2006,74.76
4/26/2006,73.93
5/25/2006,70.71
5/26/2006,70.59
6/27/2006,71.08
6/28/2006,71.31
7/26/2006,74.00
7/27/2006,75.01
8/28/2006,70.82
8/29/2006,69.86
9/26/2006,60.12
9/27/2006,62.21
10/26/2006,60.77
10/27/2006,61.08
11/27/2006,60.44
11/28/2006,61.21
12/26/2006,61.10
12/27/2006,60.52
1/26/2007,55.29
1/29/2007,53.68
2/23/2007,60.88
2/26/2007,61.33
3/27/2007,64.60
3/28/2007,65.78
4/25/2007,68.57
4/26/2007,67.65
5/25/2007,70.69
5/29/2007,68.13
6/26/2007,70.17
6/27/2007,70.53
7/26/2007,75.18
7/27/2007,75.18
8/28/2007,70.55
8/29/2007,72.13
9/25/2007,77.62
9/26/2007,77.43
10/26/2007,88.69
10/29/2007,90.32
11/27/2007,92.52
11/28/2007,89.81
12/26/2007,93.94
12/27/2007,94.78
1/28/2008,91.38
1/29/2008,92.00
2/26/2008,99.47
2/27/2008,98.27
3/26/2008,103.99
3/27/2008,105.00
4/25/2008,116.34
4/28/2008,116.74
5/27/2008,128.31
5/28/2008,130.93
6/25/2008,134.33
6/26/2008,139.83
7/28/2008,125.84
7/29/2008,122.71
8/26/2008,114.63
8/27/2008,116.22
9/25/2008,104.60
9/26/2008,103.54
10/28/2008,60.29
10/29/2008,65.47
11/21/2008,49.19
11/24/2008,53.93
12/26/2008,38.37
12/29/2008,40.55
1/27/2009,43.73
1/28/2009,44.90
2/24/2009,42.50
2/25/2009,44.29
3/26/2009,53.46
3/27/2009,51.98
4/27/2009,50.32
4/28/2009,49.99
5/26/2009,61.24
5/27/2009,62.50
6/25/2009,69.78
6/26/2009,68.92
7/28/2009,69.88
7/29/2009,66.53
8/26/2009,71.65
8/27/2009,72.51
9/2/2009,67.66
9/3/2009,67.12
9/25/2009,65.11
9/28/2009,65.54
10/27/2009,77.92
10/28/2009,75.86
11/23/2009,77.46
11/24/2009,76.46
12/28/2009,77.32
12/29/2009,77.64
5/28/2010,74.02
6/1/2010,72.71
6/2/2010,73.75
6/3/2010,75.41
6/4/2010,72.09
6/7/2010,72.12
6/8/2010,72.30
6/9/2010,74.27
6/10/2010,75.29
6/11/2010,74.35
6/14/2010,75.66
6/15/2010,77.10
6/16/2010,78.14
6/17/2010,78.68
6/18/2010,78.22
6/21/2010,78.82
6/22/2010,78.04
6/23/2010,76.27
6/24/2010,76.47
6/25/2010,78.12
6/28/2010,77.59
6/29/2010,75.44
6/30/2010,75.01
7/1/2010,72.34
7/2/2010,71.65
7/6/2010,71.45
7/7/2010,73.51
7/8/2010,74.71
7/9/2010,75.42
7/12/2010,74.37
7/13/2010,76.65
7/14/2010,76.66
7/15/2010,76.09
7/16/2010,75.37
7/19/2010,75.62
7/20/2010,76.22
7/21/2010,75.37
7/22/2010,77.82
7/23/2010,77.45
7/26/2010,77.50
7/27/2010,76.13
7/28/2010,76.06
7/29/2010,77.59
7/30/2010,78.18
8/2/2010,80.82
8/3/2010,82.68
8/4/2010,82.20
8/5/2010,81.61
8/6/2010,80.16
8/9/2010,80.99
8/10/2010,79.60
8/11/2010,77.64
8/12/2010,75.52
8/13/2010,75.52
8/16/2010,75.63
8/17/2010,76.93
8/18/2010,76.47
8/19/2010,75.30
8/20/2010,74.26
8/23/2010,73.62
8/24/2010,72.38
8/25/2010,73.48
8/26/2010,75.02
8/27/2010,76.65
8/30/2010,76.60
8/31/2010,74.64
9/1/2010,76.35
9/2/2010,76.93
9/3/2010,76.67
9/7/2010,77.74
9/8/2010,78.17
9/9/2010,77.47
9/10/2010,78.16
9/13/2010,79.03
9/14/2010,79.27
9/15/2010,79.42
9/16/2010,78.48
9/17/2010,78.21
9/20/2010,79.32
9/21/2010,78.42
9/22/2010,77.95
9/23/2010,78.11
9/24/2010,78.87
9/27/2010,78.57
9/28/2010,78.71
9/29/2010,80.77
9/30/2010,82.31
10/1/2010,83.75
10/4/2010,83.28
10/5/2010,84.84
10/6/2010,85.06
10/7/2010,83.43
10/8/2010,84.03
10/11/2010,83.72
10/12/2010,83.50
10/13/2010,84.85
10/14/2010,84.20
10/15/2010,82.45
10/18/2010,84.37
10/19/2010,81.10
10/20/2010,83.60
10/21/2010,81.83
10/25/2010,83.54
10/26/2010,83.66
10/27/2010,83.23
10/28/2010,83.59
11/1/2010,84.62
11/2/2010,85.41
11/3/2010,86.38
11/4/2010,88.00
11/8/2010,88.46
11/9/2010,88.33
11/10/2010,88.96
11/11/2010,88.81
11/15/2010,86.76
11/16/2010,84.73
11/17/2010,83.28
11/18/2010,85.05
11/22/2010,83.96
11/23/2010,83.25
11/24/2010,85.84
11/26/2010,85.58
11/29/2010,87.34
11/30/2010,85.92
12/1/2010,88.87
12/2/2010,90.69
12/6/2010,91.45
12/7/2010,91.39
12/8/2010,90.77
12/9/2010,90.99
12/13/2010,91.19
12/14/2010,91.21
12/15/2010,92.15
12/16/2010,91.60
12/20/2010,92.74
12/21/2010,93.20
12/22/2010,93.65
12/27/2010,93.85
12/28/2010,94.38
12/29/2010,94.14
12/30/2010,93.09
3/24/2011,115.72
3/25/2011,115.59
3/28/2011,114.80
3/29/2011,115.16
3/30/2011,115.13
3/31/2011,117.36
4/1/2011,118.70
4/4/2011,121.06
4/5/2011,122.22
4/6/2011,122.30
4/7/2011,122.67
4/8/2011,126.65
4/11/2011,123.98
4/12/2011,120.92
4/13/2011,122.88
4/14/2011,122.00
4/15/2011,123.45
4/18/2011,121.61
4/19/2011,121.33
4/20/2011,123.85
4/21/2011,123.99
4/25/2011,123.66
4/26/2011,124.14
4/27/2011,125.13
4/28/2011,125.02
4/29/2011,125.89
5/2/2011,125.12
5/3/2011,122.45
5/4/2011,121.19
5/5/2011,110.80
5/6/2011,109.13
5/9/2011,115.90
5/10/2011,117.63
5/11/2011,112.57
5/12/2011,112.98
5/13/2011,113.28
5/16/2011,110.84
5/17/2011,109.99
5/18/2011,112.30
5/19/2011,111.42
5/20/2011,112.39
5/23/2011,110.10
5/24/2011,112.53
5/25/2011,114.93
5/26/2011,115.05
5/27/2011,115.03
5/31/2011,116.73
6/1/2011,114.53
6/2/2011,115.54
6/3/2011,115.84
6/6/2011,115.84
6/7/2011,116.78
6/8/2011,117.85
6/9/2011,119.57
6/10/2011,118.78
6/13/2011,119.10
6/14/2011,119.35
6/15/2011,113.01
6/16/2011,114.02
6/17/2011,113.21
6/20/2011,111.69
6/21/2011,110.95
6/22/2011,114.21
6/23/2011,107.26
6/24/2011,105.12
6/27/2011,105.99
6/28/2011,108.78
6/29/2011,112.40
6/30/2011,112.48
7/1/2011,111.77
7/5/2011,113.61
7/6/2011,113.62
7/7/2011,118.59
7/8/2011,118.33
7/11/2011,117.24
7/12/2011,117.75
7/13/2011,118.78
7/14/2011,116.26
7/15/2011,117.26
7/18/2011,116.05
7/19/2011,117.06
7/20/2011,118.15
7/21/2011,117.51
7/22/2011,118.67
7/25/2011,117.94
7/26/2011,118.28
7/27/2011,117.43
7/28/2011,117.36
7/29/2011,116.74
8/1/2011,116.81
8/2/2011,116.46
8/3/2011,113.23
8/4/2011,107.25
8/5/2011,109.37
8/8/2011,103.74
8/9/2011,102.57
8/10/2011,106.68
8/11/2011,108.02
8/12/2011,108.03
8/15/2011,109.84
8/16/2011,109.13
8/17/2011,110.60
8/25/2011,110.62
8/26/2011,111.36
8/29/2011,111.88
8/30/2011,114.02
8/31/2011,114.85
9/1/2011,114.29
9/2/2011,112.33
9/6/2011,112.89
9/7/2011,115.80
9/8/2011,114.55
9/9/2011,112.77
9/12/2011,112.25
9/13/2011,111.89
9/14/2011,112.40
9/15/2011,112.30
9/16/2011,112.22
9/19/2011,109.14
9/20/2011,110.54
9/21/2011,110.36
9/22/2011,105.49
9/23/2011,103.97
9/26/2011,103.94
9/27/2011,107.14
9/28/2011,103.81
9/29/2011,103.95
9/30/2011,102.76
10/3/2011,101.71
10/4/2011,99.79
10/5/2011,102.73
10/6/2011,105.73
10/7/2011,105.88
10/10/2011,108.95
10/11/2011,110.73
10/12/2011,111.36
10/13/2011,111.11
10/14/2011,112.23
10/17/2011,110.16
10/18/2011,111.15
10/19/2011,108.39
10/20/2011,109.76
10/21/2011,109.56
10/24/2011,111.45
10/25/2011,110.92
10/26/2011,108.91
10/27/2011,112.08
10/28/2011,109.91
10/31/2011,109.56
11/1/2011,109.54
11/2/2011,109.34
11/3/2011,110.83
11/4/2011,111.97
11/7/2011,114.56
11/8/2011,115.00
11/9/2011,112.31
11/10/2011,113.71
11/11/2011,114.16
11/14/2011,111.89
11/15/2011,112.18
11/16/2011,111.88
11/17/2011,108.22
11/18/2011,107.56
11/21/2011,106.88
11/22/2011,109.03
11/23/2011,107.02
11/25/2011,106.40
11/28/2011,109.00
11/29/2011,110.82
11/30/2011,110.52
12/1/2011,108.99
12/2/2011,109.94
12/5/2011,109.81
12/6/2011,110.81
12/7/2011,109.53
12/8/2011,108.11
12/9/2011,108.62
12/12/2011,107.26
12/13/2011,109.50
12/14/2011,105.02
12/15/2011,103.60
12/16/2011,103.35
12/19/2011,103.64
12/20/2011,106.73
12/21/2011,107.71
12/22/2011,107.89
12/23/2011,107.96
12/27/2011,109.27
12/28/2011,107.56
12/29/2011,108.01
12/30/2011,107.38
1/3/2012,112.13
1/4/2012,113.70
1/5/2012,112.74
1/6/2012,113.06
1/9/2012,112.45
1/10/2012,113.28
1/11/2012,112.24
1/12/2012,111.26
1/13/2012,110.35
1/17/2012,111.53
1/18/2012,110.66
1/19/2012,111.55
1/20/2012,109.86
1/23/2012,110.58
1/24/2012,110.03
1/25/2012,109.81
1/26/2012,110.79
1/27/2012,111.46
1/30/2012,110.75
1/31/2012,110.98
2/1/2012,111.56
2/2/2012,112.07
2/3/2012,114.58
2/6/2012,115.93
2/7/2012,116.23
2/8/2012,117.20
2/9/2012,118.59
2/10/2012,117.31
2/13/2012,117.93
2/14/2012,117.35
2/15/2012,118.93
2/16/2012,120.11
2/17/2012,119.58
2/21/2012,121.66
2/22/2012,122.90
2/23/2012,123.62
2/24/2012,125.47
2/27/2012,124.17
2/28/2012,121.55
2/29/2012,122.66
3/1/2012,126.20
3/2/2012,123.65
3/5/2012,123.80
3/6/2012,121.98
3/7/2012,124.12
3/8/2012,125.44
3/9/2012,125.98
3/12/2012,125.34
3/13/2012,126.22
3/14/2012,124.97
3/15/2012,122.60
3/16/2012,125.81
3/19/2012,125.71
3/20/2012,124.12
3/21/2012,124.20
3/22/2012,123.14
3/23/2012,125.13
3/26/2012,125.65
3/27/2012,125.54
3/28/2012,124.16
3/29/2012,122.39
3/30/2012,122.88
4/2/2012,125.43
4/3/2012,124.86
4/4/2012,122.34
4/5/2012,123.43
4/9/2012,122.67
4/10/2012,119.88
4/11/2012,120.18
4/12/2012,121.71
4/13/2012,121.21
4/16/2012,118.68
4/17/2012,118.78
4/18/2012,117.97
4/19/2012,118.00
4/20/2012,118.76
4/23/2012,118.71
4/24/2012,118.16
4/25/2012,119.12
4/26/2012,119.92
4/27/2012,119.83
4/30/2012,119.47
5/1/2012,119.66
5/2/2012,118.20
5/3/2012,116.08
5/4/2012,113.18
5/7/2012,113.16
5/8/2012,112.73
5/9/2012,113.20
5/10/2012,112.73
5/11/2012,112.26
5/14/2012,111.57
5/15/2012,112.24
5/16/2012,109.75
5/17/2012,107.49
5/18/2012,107.14
5/21/2012,108.81
5/22/2012,108.41
5/23/2012,105.56
5/24/2012,106.55
5/25/2012,106.83
5/29/2012,106.68
5/30/2012,103.47
5/31/2012,101.87
6/1/2012,98.43
6/4/2012,98.85
6/5/2012,98.84
6/6/2012,100.64
6/7/2012,99.93
6/8/2012,99.47
6/11/2012,98.00
6/12/2012,97.14
6/13/2012,97.13
6/14/2012,97.17
6/15/2012,97.61
6/18/2012,96.05
6/19/2012,95.76
6/20/2012,92.69
6/21/2012,89.23
6/22/2012,90.98
6/25/2012,91.01
6/26/2012,93.02
6/27/2012,93.50
6/28/2012,91.36
6/29/2012,97.80
7/2/2012,97.34
7/3/2012,100.68
7/5/2012,100.70
7/6/2012,98.19
7/9/2012,100.32
7/10/2012,97.97
7/11/2012,100.23
7/12/2012,101.07
7/13/2012,102.40
7/16/2012,103.37
7/17/2012,104.00
7/18/2012,105.16
7/19/2012,107.80
7/20/2012,106.83
7/23/2012,103.26
7/24/2012,103.42
7/25/2012,104.38
7/26/2012,105.26
7/27/2012,106.47
7/30/2012,106.20
7/31/2012,104.92
8/1/2012,105.96
8/2/2012,105.90
8/3/2012,108.94
8/6/2012,109.55
8/7/2012,112.00
8/8/2012,112.14
8/9/2012,113.22
8/10/2012,112.95
8/13/2012,113.60
8/14/2012,114.03
8/15/2012,116.25
8/16/2012,115.27
8/17/2012,113.71
8/20/2012,113.70
8/21/2012,114.64
8/22/2012,114.91
8/23/2012,115.01
8/24/2012,113.59
8/27/2012,112.26
8/28/2012,112.58
8/29/2012,112.54
8/30/2012,112.65
8/31/2012,114.57
9/4/2012,114.18
9/5/2012,113.09
9/6/2012,113.49
9/7/2012,114.25
9/10/2012,114.81
9/11/2012,115.40
9/12/2012,115.96
9/13/2012,115.88
9/14/2012,116.66
9/17/2012,113.79
9/18/2012,112.03
9/19/2012,108.19
9/20/2012,110.03
9/21/2012,111.42
9/24/2012,109.81
9/25/2012,110.45
9/26/2012,110.04
9/27/2012,112.01
9/28/2012,112.39
10/1/2012,112.19
10/2/2012,111.57
10/3/2012,108.17
10/4/2012,112.58
10/5/2012,112.02
10/8/2012,111.82
10/9/2012,114.50
10/10/2012,114.33
10/11/2012,115.71
10/12/2012,114.62
10/15/2012,115.80
10/16/2012,114.00
10/17/2012,113.22
10/18/2012,112.42
10/19/2012,110.14
10/22/2012,109.44
10/23/2012,108.25
10/24/2012,107.85
10/25/2012,108.49
10/26/2012,109.55
10/29/2012,109.44
10/30/2012,109.08
10/31/2012,108.70
11/1/2012,108.17
11/2/2012,105.68
11/5/2012,107.73
11/6/2012,111.07
11/7/2012,106.82
11/8/2012,107.25
11/9/2012,109.40
11/12/2012,109.07
11/13/2012,108.26
11/14/2012,109.61
11/15/2012,108.01
11/16/2012,108.95
11/19/2012,111.70
11/20/2012,109.83
11/21/2012,110.86
11/23/2012,111.38
11/26/2012,110.92
11/27/2012,109.87
11/28/2012,109.51
11/29/2012,110.76
11/30/2012,111.23
12/3/2012,110.92
12/4/2012,109.84
12/5/2012,108.81
12/6/2012,107.03
12/7/2012,107.02
12/10/2012,107.33
12/11/2012,108.01
12/12/2012,109.50
12/13/2012,107.91
12/14/2012,108.18
12/17/2012,107.64
12/18/2012,108.84
12/19/2012,110.36
12/20/2012,110.20
12/21/2012,108.97
12/24/2012,108.80
12/26/2012,111.07
12/27/2012,110.80
12/28/2012,110.62
12/31/2012,111.11
1/2/2013,112.47
1/3/2013,112.14
1/4/2013,111.31
1/7/2013,111.40
1/8/2013,111.94
1/9/2013,111.76
1/10/2013,111.89
1/11/2013,110.64
1/14/2013,111.88
1/15/2013,110.30
1/16/2013,109.68
1/17/2013,111.10
1/18/2013,111.89
1/22/2013,112.42
1/23/2013,112.80
1/24/2013,113.28
1/25/2013,113.28
1/28/2013,113.48
1/29/2013,114.36
1/30/2013,114.90
1/31/2013,115.55
2/1/2013,116.76
2/4/2013,115.60
2/5/2013,116.52
2/6/2013,116.73
2/7/2013,117.24
2/8/2013,118.90
2/11/2013,118.13
2/12/2013,118.66
2/13/2013,117.88
2/14/2013,118.00
2/15/2013,117.66
2/19/2013,117.52
2/20/2013,115.60
2/21/2013,113.53
2/22/2013,114.10
2/25/2013,114.44
2/26/2013,112.71
2/27/2013,111.87
2/28/2013,111.38
3/1/2013,110.40
3/4/2013,110.09
3/5/2013,111.61
3/6/2013,111.06
3/7/2013,111.15
3/8/2013,110.85
3/11/2013,110.22
3/12/2013,109.65
3/13/2013,108.52
3/14/2013,108.96
3/15/2013,109.82
3/18/2013,109.51
3/19/2013,107.45
3/20/2013,108.72
3/21/2013,107.47
3/22/2013,107.66
3/25/2013,108.17
3/26/2013,109.36
3/27/2013,109.69
3/28/2013,110.02
4/1/2013,111.08
4/2/2013,110.69
4/3/2013,107.11
4/4/2013,106.34
4/5/2013,104.12
4/8/2013,104.66
4/9/2013,106.23
4/10/2013,105.79
4/11/2013,104.27
4/12/2013,103.11
4/15/2013,100.63
4/16/2013,99.91
4/17/2013,97.69
4/18/2013,99.13
4/19/2013,99.65
4/22/2013,100.39
4/23/2013,100.31
4/24/2013,101.73
4/25/2013,103.41
4/26/2013,103.16
4/29/2013,103.81
4/30/2013,102.37
5/1/2013,99.95
5/2/2013,102.85
5/3/2013,104.19
5/6/2013,105.46
5/7/2013,104.40
5/8/2013,104.34
5/9/2013,104.47
5/10/2013,103.91
5/13/2013,102.82
5/14/2013,102.60
5/15/2013,103.68
5/16/2013,103.78
5/17/2013,104.64
5/20/2013,104.80
5/21/2013,103.91
5/22/2013,102.60
5/23/2013,102.44
5/24/2013,102.64
5/28/2013,104.23
5/29/2013,102.43
5/30/2013,102.19
5/31/2013,100.39
6/3/2013,102.06
6/4/2013,103.24
6/5/2013,103.04
6/6/2013,103.61
6/7/2013,104.56
6/10/2013,103.95
6/11/2013,102.96
6/12/2013,103.49
6/13/2013,104.95
6/14/2013,105.93
6/17/2013,105.47
6/18/2013,106.02
6/19/2013,106.12
6/20/2013,102.15
6/21/2013,100.91
6/24/2013,101.16
6/25/2013,101.26
6/26/2013,101.66
6/27/2013,102.82
6/28/2013,102.16
7/1/2013,103.00
7/2/2013,104.00
7/3/2013,105.76
7/5/2013,107.72
7/8/2013,107.43
7/9/2013,107.81
7/10/2013,108.51
7/11/2013,107.73
7/12/2013,108.81
7/15/2013,109.09
7/16/2013,108.14
7/17/2013,108.61
7/18/2013,108.70
7/19/2013,108.07
7/22/2013,108.15
7/23/2013,108.42
7/24/2013,107.19
7/25/2013,107.65
7/26/2013,107.17
7/29/2013,107.45
7/30/2013,106.91
7/31/2013,107.70
8/1/2013,109.54
8/2/2013,108.95
8/5/2013,108.70
8/6/2013,108.18
8/7/2013,107.44
8/8/2013,106.68
8/9/2013,108.22
8/12/2013,108.97
8/13/2013,109.82
8/14/2013,110.20
8/15/2013,109.60
8/16/2013,110.40
8/19/2013,109.90
8/20/2013,110.15
8/21/2013,109.81
8/22/2013,109.90
8/23/2013,111.04
8/26/2013,110.73
8/27/2013,114.36
8/28/2013,116.61
8/29/2013,115.16
8/30/2013,114.01
9/3/2013,115.68
9/4/2013,114.91
9/5/2013,115.26
9/6/2013,116.12
9/9/2013,113.72
9/10/2013,111.25
9/11/2013,111.50
9/12/2013,112.63
9/13/2013,111.70
9/16/2013,110.07
9/17/2013,108.19
9/18/2013,110.60
9/19/2013,108.76
9/20/2013,109.22
9/23/2013,108.16
9/24/2013,108.64
9/25/2013,108.32
9/26/2013,109.21
9/27/2013,108.63
9/30/2013,108.37
10/1/2013,107.94
10/2/2013,109.19
10/3/2013,109.00
10/4/2013,109.46
10/7/2013,109.68
10/8/2013,110.16
10/9/2013,109.06
10/10/2013,111.80
10/11/2013,111.28
10/14/2013,111.04
10/15/2013,109.96
10/16/2013,110.59
10/17/2013,109.11
10/18/2013,109.94
10/21/2013,109.64
10/22/2013,109.97
10/23/2013,107.80
10/24/2013,106.99
10/25/2013,106.93
10/28/2013,109.61
10/29/2013,109.01
10/30/2013,109.86
10/31/2013,108.84
11/1/2013,105.91
11/4/2013,106.23
11/5/2013,105.33
11/6/2013,105.24
11/7/2013,103.46
11/8/2013,105.12
11/11/2013,106.40
11/12/2013,105.81
11/13/2013,107.12
11/14/2013,108.28
11/15/2013,108.50
11/18/2013,108.47
11/19/2013,106.92
11/20/2013,108.06
11/21/2013,110.08
11/22/2013,111.05
11/25/2013,111.00
11/26/2013,110.88
11/27/2013,111.31
11/29/2013,109.69
12/2/2013,111.45
12/3/2013,112.62
12/4/2013,111.88
12/5/2013,110.98
12/6/2013,111.61
12/9/2013,109.39
12/10/2013,109.38
12/11/2013,109.70
12/12/2013,108.67
12/13/2013,108.83
12/16/2013,109.41
12/17/2013,108.44
12/18/2013,109.63
12/19/2013,110.29
12/20/2013,111.77
12/23/2013,111.56
12/24/2013,111.90
12/26/2013,111.98
12/27/2013,112.18
12/30/2013,111.21
12/31/2013,110.80
1/2/2014,107.78
1/3/2014,106.89
1/6/2014,106.73
1/7/2014,107.35
1/8/2014,107.15
1/9/2014,106.39
1/10/2014,107.25
1/13/2014,106.75
1/14/2014,106.39
1/15/2014,107.13
1/16/2014,105.75
1/17/2014,106.48
1/21/2014,106.73
1/22/2014,108.27
1/23/2014,107.58
1/24/2014,107.88
1/27/2014,106.69
1/28/2014,107.41
1/29/2014,107.85
1/30/2014,107.95
1/31/2014,106.40
2/3/2014,106.04
2/4/2014,105.78
2/5/2014,106.25
2/6/2014,107.19
2/7/2014,109.57
2/10/2014,108.63
2/11/2014,108.68
2/12/2014,108.79
2/13/2014,108.52
2/14/2014,109.08
2/18/2014,110.46
2/19/2014,110.47
2/20/2014,110.30
2/21/2014,109.85
2/24/2014,110.64
2/25/2014,109.51
2/26/2014,109.52
2/27/2014,108.96
2/28/2014,109.07
3/3/2014,111.20
3/4/2014,109.30
3/5/2014,107.76
3/6/2014,108.10
3/7/2014,109.00
3/10/2014,108.08
3/11/2014,108.55
3/12/2014,108.02
3/13/2014,107.39
3/14/2014,108.21
3/17/2014,106.24
3/18/2014,106.79
3/19/2014,105.85
3/20/2014,106.45
3/21/2014,106.92
3/24/2014,106.81
3/25/2014,106.99
3/26/2014,107.03
3/27/2014,107.83
3/28/2014,108.07
3/31/2014,107.76
4/1/2014,105.62
4/2/2014,104.79
4/3/2014,106.15
4/4/2014,106.72
4/7/2014,105.82
4/8/2014,107.67
4/9/2014,107.98
4/10/2014,107.46
4/11/2014,107.33
4/14/2014,109.07
4/15/2014,109.36
4/16/2014,109.60
4/17/2014,109.53
4/21/2014,109.95
4/22/2014,109.27
4/23/2014,109.11
4/24/2014,110.33
4/25/2014,109.58
4/28/2014,108.12
4/29/2014,108.98
4/30/2014,108.07
5/1/2014,107.76
5/2/2014,108.59
5/5/2014,107.72
5/6/2014,107.06
5/7/2014,108.13
5/8/2014,108.04
5/9/2014,107.89
5/12/2014,108.41
5/13/2014,109.24
5/14/2014,110.19
5/15/2014,110.44
5/16/2014,109.75
5/19/2014,109.37
5/20/2014,109.69
5/21/2014,110.55
5/22/2014,110.36
5/23/2014,110.54
5/27/2014,110.02
5/28/2014,109.81
5/29/2014,109.97
5/30/2014,109.41
6/2/2014,108.83
6/3/2014,108.82
6/4/2014,108.40
6/5/2014,108.79
6/6/2014,108.61
6/9/2014,109.99
6/10/2014,109.52
6/11/2014,109.95
6/12/2014,113.02
6/13/2014,113.02
6/16/2014,113.02
6/17/2014,113.45
6/18/2014,114.26
6/19/2014,115.06
6/20/2014,114.81
6/23/2014,114.12
6/24/2014,114.46
6/25/2014,114.00
6/26/2014,113.21
6/27/2014,113.30
6/30/2014,112.36
7/1/2014,112.29
7/2/2014,111.24
7/3/2014,111.00
7/7/2014,110.24
7/8/2014,108.94
7/9/2014,108.28
7/10/2014,108.67
7/11/2014,106.66
7/14/2014,106.98
7/15/2014,106.02
7/16/2014,106.02
7/17/2014,106.02
7/18/2014,107.24
7/21/2014,107.68
7/22/2014,107.33
7/23/2014,108.03
7/24/2014,107.07
7/25/2014,108.39
7/28/2014,107.57
7/29/2014,107.72
7/30/2014,106.51
7/31/2014,106.02
8/1/2014,104.84
8/4/2014,105.41
8/5/2014,104.61
8/6/2014,104.59
8/7/2014,105.44
8/8/2014,105.02
8/11/2014,104.68
8/12/2014,103.02
8/13/2014,104.28
8/14/2014,104.28
8/15/2014,104.28
8/18/2014,101.60
8/19/2014,101.56
8/20/2014,102.28
8/21/2014,102.63
8/22/2014,102.29
8/25/2014,102.65
8/26/2014,102.50
8/27/2014,102.72
8/28/2014,102.46
8/29/2014,103.19
9/2/2014,100.34
9/3/2014,102.77
9/4/2014,101.83
9/5/2014,100.82
9/8/2014,100.20
9/9/2014,99.16
9/10/2014,98.04
9/11/2014,98.08
9/12/2014,97.11
9/15/2014,97.11
9/16/2014,97.11
9/17/2014,98.97
9/18/2014,97.70
9/19/2014,98.39
9/22/2014,96.97
9/23/2014,96.85
9/24/2014,96.95
9/25/2014,97.00
9/26/2014,97.00
9/29/2014,97.20
9/30/2014,94.67
10/1/2014,94.16
10/2/2014,93.42
10/3/2014,92.31
10/6/2014,92.79
10/7/2014,92.11
10/8/2014,91.38
10/9/2014,90.05
10/10/2014,90.21
10/13/2014,88.89
10/14/2014,85.04
10/15/2014,83.78
10/16/2014,83.78
10/17/2014,83.78
10/20/2014,85.40
10/21/2014,86.22
10/22/2014,84.71
10/23/2014,86.83
10/24/2014,86.13
10/27/2014,85.83
10/28/2014,86.03
10/29/2014,87.12
10/30/2014,86.24
10/31/2014,85.86
11/3/2014,84.78
11/4/2014,82.82
11/5/2014,82.95
11/6/2014,82.86
11/7/2014,83.39
11/10/2014,82.34
11/11/2014,81.67
11/12/2014,80.38
11/13/2014,80.38
11/14/2014,80.38
11/17/2014,79.31
11/18/2014,78.47
11/19/2014,78.10
11/20/2014,79.33
11/21/2014,80.36
11/24/2014,79.68
11/25/2014,78.33
11/26/2014,77.75
11/28/2014,70.15
12/1/2014,72.54
12/2/2014,70.54
12/3/2014,69.92
12/4/2014,69.64
12/5/2014,69.07
12/8/2014,66.19
12/9/2014,66.84
12/10/2014,64.24
12/11/2014,63.68
12/12/2014,61.85
12/15/2014,61.06
12/16/2014,61.06
12/17/2014,61.06
12/18/2014,59.27
12/19/2014,61.38
12/22/2014,60.11
12/23/2014,61.69
12/24/2014,60.24
12/26/2014,59.45
12/29/2014,57.88
12/30/2014,57.90
12/31/2014,57.33
1/2/2015,56.42
1/5/2015,53.11
1/6/2015,51.10
1/7/2015,51.15
1/8/2015,50.96
1/9/2015,50.11
1/12/2015,47.43
1/13/2015,46.59
1/14/2015,48.69
1/15/2015,48.69
1/16/2015,48.69
1/20/2015,47.99
1/21/2015,49.03
1/22/2015,48.52
1/23/2015,48.79
1/26/2015,48.16
1/27/2015,49.60
1/28/2015,48.47
1/29/2015,49.13
1/30/2015,52.99
2/2/2015,54.75
2/3/2015,57.91
2/4/2015,54.16
2/5/2015,56.57
2/6/2015,57.80
2/9/2015,58.34
2/10/2015,56.43
2/11/2015,54.66
2/12/2015,54.66
2/13/2015,54.66
2/17/2015,62.53
2/18/2015,60.53
2/19/2015,60.21
2/20/2015,60.22
2/23/2015,58.90
2/24/2015,58.66
2/25/2015,61.63
2/26/2015,60.05
2/27/2015,62.58
3/2/2015,59.54
3/3/2015,61.02
3/4/2015,60.55
3/5/2015,60.48
3/6/2015,59.73
3/9/2015,58.53
3/10/2015,56.39
3/11/2015,57.54
3/12/2015,57.08
3/13/2015,54.67
3/16/2015,54.67
3/17/2015,54.67
3/18/2015,55.91
3/19/2015,54.43
3/20/2015,55.32
3/23/2015,55.92
3/24/2015,55.11
3/25/2015,56.48
3/26/2015,59.19
3/27/2015,56.41
3/30/2015,56.29
3/31/2015,55.11
4/1/2015,57.10
4/2/2015,54.95
4/6/2015,58.12
4/7/2015,59.10
4/8/2015,55.55
4/9/2015,56.57
4/10/2015,57.87
4/13/2015,57.93
4/14/2015,58.43
4/15/2015,58.43
4/16/2015,58.43
4/17/2015,63.45
4/20/2015,63.45
4/21/2015,62.08
4/22/2015,62.73
4/23/2015,64.85
4/24/2015,65.28
4/27/2015,64.83
4/28/2015,64.64
4/29/2015,65.84
4/30/2015,66.78
5/1/2015,66.46
5/4/2015,66.45
5/5/2015,67.52
5/6/2015,67.77
5/7/2015,65.54
5/8/2015,65.39
5/11/2015,64.91
5/12/2015,66.86
5/13/2015,66.81
5/14/2015,66.81
5/15/2015,66.81
5/18/2015,66.27
5/19/2015,64.02
5/20/2015,65.03
5/21/2015,66.54
5/22/2015,65.37
5/26/2015,63.72
5/27/2015,62.06
5/28/2015,62.58
5/29/2015,65.56
6/1/2015,64.88
6/2/2015,65.49
6/3/2015,63.80
6/4/2015,62.03
6/5/2015,63.31
6/8/2015,62.69
6/9/2015,64.88
6/10/2015,65.70
6/11/2015,65.11
6/12/2015,63.87
6/15/2015,63.87
6/16/2015,63.87
6/17/2015,63.87
6/18/2015,64.26
6/19/2015,63.02
6/22/2015,63.34
6/23/2015,64.45
6/24/2015,63.49
6/25/2015,63.20
6/26/2015,63.26
6/29/2015,62.01
6/30/2015,63.59
7/1/2015,62.01
7/2/2015,62.07
7/6/2015,56.54
7/7/2015,56.85
7/8/2015,57.05
7/9/2015,58.61
7/10/2015,58.73
7/13/2015,57.85
7/14/2015,58.51
7/15/2015,57.05
7/16/2015,57.05
7/17/2015,57.05
7/20/2015,56.65
7/21/2015,57.04
7/22/2015,56.13
7/23/2015,55.27
7/24/2015,54.62
7/27/2015,53.47
7/28/2015,53.30
7/29/2015,53.38
7/30/2015,53.31
7/31/2015,52.21
8/3/2015,49.52
8/4/2015,49.99
8/5/2015,49.59
8/6/2015,49.52
8/7/2015,48.61
8/10/2015,50.41
8/11/2015,49.18
8/12/2015,49.66
8/13/2015,49.22
8/14/2015,49.22
8/17/2015,49.22
8/18/2015,48.81
8/19/2015,47.16
8/20/2015,46.62
8/21/2015,45.46
8/24/2015,42.69
8/25/2015,43.21
8/26/2015,43.14
8/27/2015,47.56
8/28/2015,50.05
8/31/2015,54.15
9/1/2015,49.56
9/2/2015,50.50
9/3/2015,50.68
9/4/2015,49.61
9/8/2015,49.52
9/9/2015,47.58
9/10/2015,48.89
9/11/2015,48.14
9/14/2015,46.37
9/15/2015,46.37
9/16/2015,46.37
9/17/2015,49.08
9/18/2015,47.47
9/21/2015,48.92
9/22/2015,49.08
9/23/2015,47.75
9/24/2015,48.17
9/25/2015,48.60
9/28/2015,47.34
9/29/2015,48.23
9/30/2015,48.37
10/1/2015,47.69
10/2/2015,48.13
10/5/2015,49.25
10/6/2015,51.92
10/7/2015,51.33
10/8/2015,53.05
10/9/2015,52.65
10/12/2015,49.86
10/13/2015,49.24
10/14/2015,49.15
10/15/2015,49.15
10/16/2015,49.15
10/19/2015,48.61
10/20/2015,48.71
10/21/2015,47.85
10/22/2015,48.08
10/23/2015,47.99
10/26/2015,47.54
10/27/2015,46.81
10/28/2015,49.05
10/29/2015,48.80
10/30/2015,49.56
11/2/2015,48.79
11/3/2015,50.54
11/4/2015,48.58
11/5/2015,47.98
11/6/2015,47.42
11/9/2015,47.19
11/10/2015,47.44
11/11/2015,45.81
11/12/2015,44.06
11/13/2015,44.06
11/16/2015,44.06
11/17/2015,43.57
11/18/2015,44.14
11/19/2015,44.18
11/20/2015,44.66
11/23/2015,44.83
11/24/2015,46.12
11/25/2015,46.17
11/27/2015,44.86
11/30/2015,44.61
12/1/2015,44.44
12/2/2015,42.49
12/3/2015,43.84
12/4/2015,43.00
12/7/2015,40.73
12/8/2015,40.26
12/9/2015,40.11
12/10/2015,39.73
12/11/2015,37.93
12/14/2015,37.92
12/15/2015,38.45
12/16/2015,38.45
12/17/2015,38.45
12/18/2015,36.88
12/21/2015,36.35
12/22/2015,36.11
12/23/2015,37.36
12/24/2015,37.89
12/28/2015,36.62
12/29/2015,37.79
12/30/2015,36.46
12/31/2015,37.28
1/4/2016,37.22
1/5/2016,36.42
1/6/2016,34.23
1/7/2016,33.75
1/8/2016,33.55
1/11/2016,31.55
1/12/2016,30.86
1/13/2016,30.31
1/14/2016,30.31
1/15/2016,30.31
1/19/2016,28.76
1/20/2016,27.88
1/21/2016,29.25
1/22/2016,32.18
1/25/2016,30.50
1/26/2016,31.80
1/27/2016,33.10
1/28/2016,33.89
1/29/2016,33.89
2/1/2016,33.89
2/2/2016,32.72
2/3/2016,35.04
2/4/2016,34.46
2/5/2016,34.06
2/8/2016,32.88
2/9/2016,30.32
2/10/2016,30.84
2/11/2016,30.06
2/12/2016,33.36
2/16/2016,32.18
2/17/2016,34.50
2/18/2016,34.28
2/19/2016,33.01
2/22/2016,34.69
2/23/2016,33.27
2/24/2016,34.41
2/25/2016,35.29
2/26/2016,35.10
2/29/2016,35.10
3/1/2016,35.10
3/2/2016,36.93
3/3/2016,37.07
3/4/2016,38.72
3/7/2016,40.84
3/8/2016,39.65
3/9/2016,41.07
3/10/2016,40.05
3/11/2016,40.39
3/14/2016,39.53
3/15/2016,38.74
3/16/2016,40.33
3/17/2016,41.54
3/18/2016,41.20
3/21/2016,41.54
3/22/2016,41.79
3/23/2016,40.47
3/24/2016,40.44
3/28/2016,40.27
3/29/2016,39.14
3/30/2016,39.26
3/31/2016,39.26
4/1/2016,39.26
4/4/2016,37.69
4/5/2016,37.87
4/6/2016,39.84
4/7/2016,39.43
4/8/2016,41.94
4/11/2016,42.83
4/12/2016,44.69
4/13/2016,44.18
4/14/2016,43.84
4/15/2016,43.10
4/18/2016,42.91
4/19/2016,44.03
4/20/2016,45.80
4/21/2016,44.53
4/22/2016,45.11
4/25/2016,44.48
4/26/2016,45.74
4/27/2016,47.18
4/28/2016,48.14
4/29/2016,48.14
5/2/2016,48.14
5/3/2016,48.14
5/4/2016,44.62
5/5/2016,45.01
5/6/2016,45.37
5/9/2016,43.63
5/10/2016,45.52
5/11/2016,47.60
5/12/2016,48.08
5/13/2016,47.83
5/16/2016,48.97
5/17/2016,49.28
5/18/2016,48.93
5/19/2016,48.81
5/20/2016,48.72
5/23/2016,48.35
5/24/2016,48.61
5/25/2016,49.74
5/26/2016,49.59
5/27/2016,49.32
5/31/2016,49.32
6/1/2016,49.32
6/2/2016,50.04
6/3/2016,49.64
6/6/2016,50.55
6/7/2016,51.44
6/8/2016,52.51
6/9/2016,51.95
6/10/2016,50.54
6/13/2016,50.35
6/14/2016,49.83
6/15/2016,48.97
6/16/2016,47.19
6/17/2016,49.17
6/20/2016,50.65
6/21/2016,50.62
6/22/2016,49.88
6/23/2016,50.91
6/24/2016,48.41
6/27/2016,47.16
6/28/2016,48.58
6/29/2016,50.61
6/30/2016,50.61
7/1/2016,50.61
7/5/2016,47.96
7/6/2016,48.80
7/7/2016,46.40
7/8/2016,46.76
7/11/2016,46.25
7/12/2016,48.47
7/13/2016,46.26
7/14/2016,47.37
7/15/2016,47.61
7/18/2016,46.96
7/19/2016,46.66
7/20/2016,47.17
7/21/2016,46.20
7/22/2016,45.69
7/25/2016,44.72
7/26/2016,44.87
7/27/2016,43.47
7/28/2016,42.70
7/29/2016,42.70
8/1/2016,42.70
8/2/2016,41.80
8/3/2016,43.10
8/4/2016,44.29
8/5/2016,44.27
8/8/2016,45.39
8/9/2016,44.98
8/10/2016,44.05
8/11/2016,46.04
8/12/2016,46.97
8/15/2016,48.35
8/16/2016,49.23
8/17/2016,49.85
8/18/2016,50.89
8/19/2016,50.88
8/22/2016,49.16
8/23/2016,49.96
8/24/2016,49.05
8/25/2016,49.67
8/26/2016,49.92
8/29/2016,49.26
8/30/2016,48.37
8/31/2016,48.37
9/1/2016,48.37
9/2/2016,46.83
9/6/2016,47.26
9/7/2016,47.98
9/8/2016,49.99
9/9/2016,48.01
9/12/2016,48.32
9/13/2016,47.10
9/14/2016,45.85
9/15/2016,46.59
9/16/2016,45.77
9/19/2016,45.95
9/20/2016,45.88
9/21/2016,46.83
9/22/2016,47.65
9/23/2016,45.89
9/26/2016,47.35
9/27/2016,45.97
9/28/2016,48.69
9/29/2016,49.24
9/30/2016,49.24
10/3/2016,49.24
10/4/2016,50.87
10/5/2016,51.86
10/6/2016,52.51
10/7/2016,51.93
10/10/2016,53.14
10/11/2016,52.41
10/12/2016,51.81
10/13/2016,52.03
10/14/2016,51.95
10/17/2016,51.52
10/18/2016,51.68
10/19/2016,52.67
10/20/2016,51.38
10/21/2016,51.78
10/24/2016,51.46
10/25/2016,50.79
10/26/2016,49.98
10/27/2016,50.47
10/28/2016,49.71
10/31/2016,49.71
11/1/2016,49.71
11/2/2016,46.86
11/3/2016,46.35
11/4/2016,45.58
11/7/2016,46.15
11/8/2016,46.04
11/9/2016,46.36
11/10/2016,45.84
11/11/2016,44.75
11/14/2016,44.43
11/15/2016,46.95
11/16/2016,46.63
11/17/2016,46.49
11/18/2016,46.86
11/21/2016,48.90
11/22/2016,49.12
11/23/2016,48.95
11/25/2016,47.24
11/28/2016,48.24
11/29/2016,46.38
11/30/2016,46.38
12/1/2016,46.38
12/2/2016,54.46
12/5/2016,54.94
12/6/2016,53.93
12/7/2016,53.00
12/8/2016,53.89
12/9/2016,54.33
12/12/2016,55.69
12/13/2016,55.72
12/14/2016,53.90
12/15/2016,54.02
12/16/2016,55.21
12/19/2016,54.92
12/20/2016,55.35
12/21/2016,54.46
12/22/2016,55.05
12/23/2016,55.16
12/27/2016,56.09
12/28/2016,56.22
12/29/2016,56.22
12/30/2016,56.22
1/3/2017,55.47
1/4/2017,56.46
1/5/2017,56.89
1/6/2017,57.10
1/9/2017,54.94
1/10/2017,53.64
1/11/2017,55.10
1/12/2017,56.01
1/13/2017,55.45
1/17/2017,55.47
1/18/2017,53.92
1/19/2017,54.16
1/20/2017,55.49
1/23/2017,55.23
1/24/2017,55.44
1/25/2017,55.08
1/26/2017,56.24
1/27/2017,55.52
1/30/2017,55.23
1/31/2017,55.23
2/1/2017,55.23
2/2/2017,56.56
2/3/2017,56.81
2/6/2017,55.72
2/7/2017,55.05
2/8/2017,55.12
2/9/2017,55.63
2/10/2017,56.70
2/13/2017,55.59
2/14/2017,55.97
2/15/2017,55.75
2/16/2017,55.65
2/17/2017,55.81
2/21/2017,56.66
2/22/2017,55.84
2/23/2017,56.58
2/24/2017,55.99
2/27/2017,55.93
2/28/2017,55.93
3/1/2017,55.93
3/2/2017,55.08
3/3/2017,55.90
3/6/2017,56.01
3/7/2017,55.92
3/8/2017,53.11
3/9/2017,52.19
3/10/2017,51.37
3/13/2017,51.35
3/14/2017,50.92
3/15/2017,51.81
3/16/2017,51.74
3/17/2017,51.76
3/20/2017,51.62
3/21/2017,50.96
3/22/2017,50.64
3/23/2017,50.56
3/24/2017,50.80
3/27/2017,50.75
3/28/2017,51.33
3/29/2017,52.42
3/30/2017,52.96
3/31/2017,52.96
4/3/2017,52.96
4/4/2017,54.17
4/5/2017,54.36
4/6/2017,54.89
4/7/2017,55.24
4/10/2017,55.98
4/11/2017,56.23
4/12/2017,55.86
4/13/2017,55.89
4/17/2017,55.36
4/18/2017,54.89
4/19/2017,52.93
4/20/2017,52.99
4/21/2017,51.96
4/24/2017,51.60
4/25/2017,52.10
4/26/2017,51.82
4/27/2017,51.44
4/28/2017,51.44
5/1/2017,51.44
5/2/2017,51.44
5/3/2017,50.79
5/4/2017,48.38
5/5/2017,49.10
5/8/2017,49.34
5/9/2017,48.73
5/10/2017,50.22
5/11/2017,50.77
5/12/2017,50.84
5/15/2017,51.82
5/16/2017,51.65
5/17/2017,52.21
5/18/2017,52.51
5/19/2017,53.61
5/22/2017,53.87
5/23/2017,54.15
5/24/2017,53.96
5/25/2017,51.46
5/26/2017,52.15
5/30/2017,51.84
5/31/2017,51.84
6/1/2017,51.84
6/2/2017,49.95
6/5/2017,49.47
6/6/2017,50.12
6/7/2017,48.06
6/8/2017,47.86
6/9/2017,48.15
6/12/2017,48.29
6/13/2017,48.72
6/14/2017,47.00
6/15/2017,46.92
6/16/2017,47.37
6/19/2017,46.91
6/20/2017,46.02
6/21/2017,44.82
6/22/2017,45.22
6/23/2017,45.54
6/26/2017,45.83
6/27/2017,46.65
6/28/2017,47.31
6/29/2017,47.42
6/30/2017,47.42
7/3/2017,47.42
7/5/2017,47.79
7/6/2017,48.11
7/7/2017,46.71
7/10/2017,46.88
7/11/2017,47.52
7/12/2017,47.74
7/13/2017,48.42
7/14/2017,48.91
7/17/2017,48.42
7/18/2017,48.84
7/19/2017,49.70
7/20/2017,49.30
7/21/2017,48.06
7/24/2017,48.60
7/25/2017,50.20
7/26/2017,50.97
7/27/2017,51.49
7/28/2017,52.52
7/31/2017,52.52
8/1/2017,52.52
8/2/2017,52.36
8/3/2017,52.01
8/4/2017,52.42
8/7/2017,52.37
8/8/2017,52.14
8/9/2017,52.70
8/10/2017,51.90
8/11/2017,52.10
8/14/2017,50.73
8/15/2017,50.80
8/16/2017,50.27
8/17/2017,51.03
8/18/2017,52.72
8/21/2017,51.66
8/22/2017,51.87
8/23/2017,52.57
8/24/2017,52.04
8/25/2017,52.41
8/28/2017,51.89
8/29/2017,52.00
8/30/2017,50.86
8/31/2017,50.86
9/1/2017,50.86
9/5/2017,53.38
9/6/2017,54.20
9/7/2017,54.49
9/8/2017,53.78
9/11/2017,53.84
9/12/2017,54.27
9/13/2017,55.16
9/14/2017,55.47
9/15/2017,55.62
9/18/2017,55.48
9/19/2017,55.14
9/20/2017,56.29
9/21/2017,56.43
9/22/2017,56.86
9/25/2017,59.02
9/26/2017,58.44
9/27/2017,57.90
9/28/2017,57.41
9/29/2017,57.41
10/2/2017,57.41
10/3/2017,56.00
10/4/2017,55.80
10/5/2017,57.00
10/6/2017,55.62
10/9/2017,55.79
10/10/2017,56.61
10/11/2017,56.94
10/12/2017,56.25
10/13/2017,57.17
10/16/2017,57.82
10/17/2017,57.88
10/18/2017,58.15
10/19/2017,57.23
10/20/2017,57.75
10/23/2017,57.37
10/24/2017,58.33
10/25/2017,58.44
10/26/2017,59.30
10/27/2017,60.44
10/30/2017,60.90
10/31/2017,60.90
11/1/2017,60.90
11/2/2017,60.62
11/3/2017,62.07
11/6/2017,64.27
11/7/2017,63.69
11/8/2017,63.49
11/9/2017,63.93
11/10/2017,63.52
11/13/2017,63.16
11/14/2017,62.21
11/15/2017,61.87
11/16/2017,61.36
11/17/2017,62.72
11/20/2017,62.22
11/21/2017,62.57
11/22/2017,63.32
11/24/2017,63.86
11/27/2017,63.84
11/28/2017,63.61
11/29/2017,63.11
11/30/2017,63.11
12/1/2017,63.11
12/4/2017,62.45
12/5/2017,62.86
12/6/2017,61.22
12/7/2017,62.20
12/8/2017,63.40
12/11/2017,64.69
12/12/2017,63.34
12/13/2017,62.44
12/14/2017,63.31
12/15/2017,63.23
12/18/2017,63.41
12/19/2017,63.80
12/20/2017,64.56
12/21/2017,64.90
12/22/2017,65.25
12/26/2017,67.02
12/27/2017,66.44
12/28/2017,66.44
12/29/2017,66.44
1/2/2018,66.57
1/3/2018,67.84
1/4/2018,68.07
1/5/2018,67.62
1/8/2018,67.78
1/9/2018,68.82
1/10/2018,69.20
1/11/2018,69.26
1/12/2018,69.87
1/16/2018,69.15
1/17/2018,69.38
1/18/2018,69.31
1/19/2018,68.61
1/22/2018,69.03
1/23/2018,69.96
1/24/2018,70.53
1/25/2018,70.42
1/26/2018,70.52
1/29/2018,69.46
1/30/2018,69.02
1/31/2018,69.02
2/1/2018,69.02
2/2/2018,68.58
2/5/2018,67.62
2/6/2018,66.86
2/7/2018,65.51
2/8/2018,64.81
2/9/2018,62.79
2/12/2018,62.59
2/13/2018,62.72
2/14/2018,64.36
2/15/2018,64.33
2/16/2018,64.84
2/20/2018,65.25
2/21/2018,65.42
2/22/2018,66.39
2/23/2018,67.31
2/26/2018,67.50
2/27/2018,66.63
2/28/2018,66.63
3/1/2018,66.63
3/2/2018,64.37
3/5/2018,65.54
3/6/2018,65.79
3/7/2018,64.34
3/8/2018,63.61
3/9/2018,65.49
3/12/2018,64.95
3/13/2018,64.64
3/14/2018,64.89
3/15/2018,65.12
3/16/2018,66.21
3/19/2018,66.05
3/20/2018,67.42
3/21/2018,69.47
3/22/2018,68.91
3/23/2018,70.45
3/26/2018,70.12
3/27/2018,70.11
3/28/2018,69.53
3/29/2018,69.53
4/2/2018,69.53
4/3/2018,69.53
4/4/2018,68.02
4/5/2018,68.33
4/6/2018,67.11
4/9/2018,68.65
4/10/2018,71.04
4/11/2018,72.06
4/12/2018,72.02
4/13/2018,72.58
4/16/2018,71.42
4/17/2018,71.58
4/18/2018,73.48
4/19/2018,73.78
4/20/2018,74.06
4/23/2018,74.71
4/24/2018,73.86
4/25/2018,74.00
4/26/2018,74.74
4/27/2018,74.64
4/30/2018,74.64
5/1/2018,74.64
5/2/2018,73.36
5/3/2018,73.62
5/4/2018,74.87
5/7/2018,76.17
5/8/2018,74.85
5/9/2018,77.21
5/10/2018,77.47
5/11/2018,77.12
5/14/2018,78.23
5/15/2018,78.43
5/16/2018,79.28
5/17/2018,79.30
5/18/2018,78.51
5/21/2018,79.22
5/22/2018,79.57
5/23/2018,79.80
5/24/2018,78.79
5/25/2018,76.44
5/29/2018,75.39
5/30/2018,77.50
5/31/2018,77.50
6/1/2018,77.50
6/4/2018,75.29
6/5/2018,75.38
6/6/2018,75.36
6/7/2018,77.32
6/8/2018,76.46
6/11/2018,76.46
6/12/2018,75.88
6/13/2018,76.74
6/14/2018,75.94
6/15/2018,73.44
6/18/2018,75.34
6/19/2018,75.08
6/20/2018,74.74
6/21/2018,73.05
6/22/2018,75.55
6/25/2018,74.73
6/26/2018,76.31
6/27/2018,77.62
6/28/2018,77.85
6/29/2018,77.85
7/2/2018,77.85
7/3/2018,77.76
7/5/2018,77.39
7/6/2018,77.11
7/9/2018,78.07
7/10/2018,78.86
7/11/2018,73.40
7/12/2018,74.45
7/13/2018,75.33
7/16/2018,71.84
7/17/2018,72.16
7/18/2018,72.90
7/19/2018,72.58
7/20/2018,73.07
7/23/2018,73.06
7/24/2018,73.44
7/25/2018,73.93
7/26/2018,74.54
7/27/2018,74.29
7/30/2018,74.97
7/31/2018,74.97
8/1/2018,74.97
8/2/2018,73.45
8/3/2018,73.21
8/6/2018,73.75
8/7/2018,74.65
8/8/2018,72.28
8/9/2018,72.07
8/10/2018,72.81
8/13/2018,72.61
8/14/2018,72.46
8/15/2018,70.76
8/16/2018,71.43
8/17/2018,71.83
8/20/2018,72.21
8/21/2018,72.63
8/22/2018,74.78
8/23/2018,74.73
8/24/2018,75.82
8/27/2018,76.21
8/28/2018,75.95
8/29/2018,77.14
8/30/2018,77.77
8/31/2018,77.77
9/4/2018,78.17
9/5/2018,77.27
9/6/2018,76.50
9/7/2018,76.83
9/10/2018,77.37
9/11/2018,79.06
9/12/2018,79.74
9/13/2018,78.18
9/14/2018,78.09
9/17/2018,78.05
9/18/2018,79.03
9/19/2018,79.40
9/20/2018,78.70
9/21/2018,78.80
9/24/2018,81.20
9/25/2018,81.87
9/26/2018,81.34
9/27/2018,81.72
9/28/2018,81.72
10/1/2018,81.72
10/2/2018,84.80
10/3/2018,86.29
10/4/2018,84.58
10/5/2018,84.16
10/8/2018,83.91
10/9/2018,85.00
10/10/2018,83.09
10/11/2018,80.26
10/12/2018,80.43
10/15/2018,80.78
10/16/2018,81.41
10/17/2018,80.05
10/18/2018,79.29
10/19/2018,79.78
10/22/2018,79.83
10/23/2018,76.44
10/24/2018,76.17
10/25/2018,76.89
10/26/2018,77.62
10/29/2018,77.34
10/30/2018,75.91
10/31/2018,75.91
11/1/2018,75.91
11/2/2018,72.83
11/5/2018,73.17
11/6/2018,72.13
11/7/2018,72.07
11/8/2018,70.65
11/9/2018,70.18
11/12/2018,70.12
11/13/2018,65.47
11/14/2018,66.12
11/15/2018,66.62
11/16/2018,66.76
11/19/2018,66.79
11/20/2018,62.53
11/21/2018,63.48
11/23/2018,58.80
11/26/2018,60.48
11/27/2018,60.21
11/28/2018,58.76
11/29/2018,59.51
11/30/2018,59.51
12/3/2018,59.51
12/4/2018,61.56
12/5/2018,61.56
12/6/2018,60.06
12/7/2018,61.67
12/10/2018,59.97
12/11/2018,60.20
12/12/2018,60.15
12/13/2018,61.45
12/14/2018,60.28
12/17/2018,59.61
12/18/2018,56.26
12/19/2018,57.24
12/20/2018,54.35
12/21/2018,53.82
12/24/2018,50.47
12/26/2018,54.47
12/27/2018,52.16
12/28/2018,52.16
12/31/2018,52.16
1/2/2019,54.91
1/3/2019,55.95
1/4/2019,57.06
1/7/2019,57.33
1/8/2019,58.72
1/9/2019,61.44
1/10/2019,61.68
1/11/2019,60.48
1/14/2019,58.99
1/15/2019,60.64
1/16/2019,61.32
1/17/2019,61.18
1/18/2019,62.70
1/22/2019,61.50
1/23/2019,61.14
1/24/2019,61.09
1/25/2019,61.64
1/28/2019,59.93
1/29/2019,61.32
1/30/2019,61.65
1/31/2019,61.65
2/1/2019,61.65
2/4/2019,62.51
2/5/2019,61.98
2/6/2019,62.69
2/7/2019,61.63
2/8/2019,62.10
2/11/2019,61.51
2/12/2019,62.42
2/13/2019,63.61
2/14/2019,64.57
2/15/2019,66.25
2/19/2019,66.45
2/20/2019,67.08
2/21/2019,67.07
2/22/2019,67.12
2/25/2019,64.76
2/26/2019,65.21
2/27/2019,66.39
2/28/2019,66.39
3/1/2019,66.39
3/4/2019,65.67
3/5/2019,65.86
3/6/2019,65.99
3/7/2019,66.30
3/8/2019,65.74
3/11/2019,66.58
3/12/2019,66.67
3/13/2019,67.55
3/14/2019,67.23
3/15/2019,67.16
3/18/2019,67.54
3/19/2019,67.61
3/20/2019,68.50
3/21/2019,67.86
3/22/2019,67.03
3/25/2019,67.21
3/26/2019,67.97
3/27/2019,67.83
3/28/2019,67.82
3/29/2019,67.82
4/1/2019,67.82
4/2/2019,69.37
4/3/2019,69.31
4/4/2019,69.40
4/5/2019,70.34
4/8/2019,71.10
4/9/2019,70.61
4/10/2019,71.73
4/11/2019,70.83
4/12/2019,71.55
4/15/2019,71.18
4/16/2019,71.72
4/17/2019,71.62
4/18/2019,71.97
4/22/2019,74.04
4/23/2019,74.51
4/24/2019,74.57
4/25/2019,74.35
4/26/2019,72.15
4/29/2019,72.04
4/30/2019,72.04
5/1/2019,72.04
5/2/2019,70.75
5/3/2019,70.85
5/6/2019,71.24
5/7/2019,69.88
5/8/2019,70.37
5/9/2019,70.39
5/10/2019,70.62
5/13/2019,70.23
5/14/2019,71.24
5/15/2019,71.77
5/16/2019,72.62
5/17/2019,72.21
5/20/2019,71.97
5/21/2019,72.18
5/22/2019,70.99
5/23/2019,67.76
5/24/2019,68.69
5/29/2019,69.45
5/30/2019,66.87
5/31/2019,66.87
6/3/2019,66.87
6/4/2019,61.97
6/5/2019,60.63
6/6/2019,61.67
6/7/2019,63.29
6/10/2019,62.29
6/11/2019,62.29
6/12/2019,59.97
6/13/2019,61.31
6/14/2019,62.01
6/17/2019,60.94
6/18/2019,62.14
6/19/2019,61.82
6/20/2019,64.45
6/21/2019,65.20
6/24/2019,64.86
6/25/2019,65.05
6/26/2019,66.49
6/27/2019,66.55
6/28/2019,66.55
7/1/2019,66.55
7/2/2019,62.40
7/3/2019,63.82
7/5/2019,64.23
7/8/2019,64.11
7/9/2019,64.16
7/10/2019,67.01
7/11/2019,66.52
7/12/2019,66.72
7/15/2019,66.48
7/16/2019,64.35
7/17/2019,63.66
7/18/2019,61.93
7/19/2019,62.47
7/22/2019,63.26
7/23/2019,63.83
7/24/2019,63.18
7/25/2019,63.39
7/26/2019,63.46
7/29/2019,63.71
7/30/2019,64.72
7/31/2019,64.72
8/1/2019,64.72
8/2/2019,61.89
8/5/2019,59.81
8/6/2019,58.94
8/7/2019,56.23
8/8/2019,57.38
8/9/2019,58.53
8/12/2019,58.57
8/13/2019,61.30
8/14/2019,59.48
8/15/2019,58.23
8/16/2019,58.64
8/19/2019,59.74
8/20/2019,60.03
8/21/2019,60.30
8/22/2019,59.92
8/23/2019,59.34
8/26/2019,58.70
8/27/2019,59.51
8/28/2019,60.49
8/29/2019,61.08
8/30/2019,61.08
9/3/2019,58.26
9/4/2019,60.70
9/5/2019,60.95
9/6/2019,61.54
9/9/2019,62.59
9/10/2019,62.38
9/11/2019,60.81
9/12/2019,60.38
9/13/2019,60.22
9/16/2019,69.02
9/17/2019,64.55
9/18/2019,63.60
9/19/2019,64.40
9/20/2019,64.28
9/23/2019,64.77
9/24/2019,63.10
9/25/2019,62.39
9/26/2019,62.74
9/27/2019,61.91
9/30/2019,61.91
10/1/2019,61.91
10/2/2019,57.69
10/3/2019,57.71
10/4/2019,58.37
10/7/2019,58.35
10/8/2019,58.24
10/9/2019,58.32
10/10/2019,59.10
10/11/2019,60.51
10/14/2019,59.35
10/15/2019,58.74
10/16/2019,59.42
10/17/2019,59.91
10/18/2019,59.42
10/21/2019,58.96
10/22/2019,59.70
10/23/2019,61.17
10/24/2019,61.67
10/25/2019,62.02
10/28/2019,61.57
10/29/2019,61.59
10/30/2019,60.61
10/31/2019,60.61
11/1/2019,60.61
11/4/2019,62.13
11/5/2019,62.96
11/6/2019,61.74
11/7/2019,62.29
11/8/2019,62.51
11/11/2019,62.18
11/12/2019,62.06
11/13/2019,62.37
11/14/2019,62.28
11/15/2019,63.30
11/18/2019,62.44
11/19/2019,60.91
11/20/2019,62.40
11/21/2019,63.97
11/22/2019,63.39
11/25/2019,63.65
11/26/2019,64.27
11/27/2019,64.06
11/29/2019,64.06
12/2/2019,64.06
12/3/2019,60.82
12/4/2019,63.00
12/5/2019,63.39
12/6/2019,64.39
12/9/2019,64.25
12/10/2019,64.34
12/11/2019,63.72
12/12/2019,64.20
12/13/2019,65.22
12/16/2019,65.34
12/17/2019,66.10
12/18/2019,66.17
12/19/2019,66.54
12/20/2019,66.14
12/23/2019,66.39
12/24/2019,67.20
12/26/2019,67.92
12/27/2019,68.16
12/30/2019,68.16
12/31/2019,68.16
1/2/2020,66.25
1/3/2020,68.60
1/6/2020,68.91
1/7/2020,68.27
1/8/2020,65.44
1/9/2020,65.37
1/10/2020,64.98
1/13/2020,64.20
1/14/2020,64.49
1/15/2020,64.00
1/16/2020,64.62
1/17/2020,64.85
1/21/2020,64.59
1/22/2020,63.21
1/23/2020,62.04
1/24/2020,60.69
1/27/2020,59.32
1/28/2020,59.51
1/29/2020,59.81
1/30/2020,58.29
1/31/2020,58.29
2/3/2020,58.29
2/4/2020,53.96
2/5/2020,55.28
2/6/2020,54.93
2/7/2020,54.47
2/10/2020,53.27
2/11/2020,54.01
2/12/2020,55.79
2/13/2020,56.34
2/14/2020,57.32
2/18/2020,57.75
2/19/2020,59.12
2/20/2020,59.31
2/21/2020,58.50
2/24/2020,56.30
2/25/2020,54.95
2/26/2020,53.43
2/27/2020,52.18
2/28/2020,52.18
3/2/2020,52.18
3/3/2020,51.86
3/4/2020,51.13
3/5/2020,49.99
3/6/2020,45.27
3/9/2020,34.36
3/10/2020,37.22
3/11/2020,35.79
3/12/2020,33.22
3/13/2020,33.85
3/16/2020,30.05
3/17/2020,28.73
3/18/2020,24.88
3/19/2020,28.47
3/20/2020,26.98
3/23/2020,27.03
3/24/2020,27.15
3/25/2020,27.39
3/26/2020,26.34
3/27/2020,24.93
3/30/2020,22.76
3/31/2020,22.76
4/1/2020,22.76
4/2/2020,29.94
4/3/2020,34.11
4/6/2020,33.05
4/7/2020,31.87
4/8/2020,32.84
4/9/2020,31.48
4/13/2020,31.74
4/14/2020,29.60
4/15/2020,27.69
4/16/2020,27.82
4/17/2020,28.08
4/20/2020,25.57
4/21/2020,19.33
4/22/2020,20.37
4/23/2020,21.33
4/24/2020,21.44
4/27/2020,19.99
4/28/2020,20.46
4/29/2020,22.54
4/30/2020,22.54
5/1/2020,22.54
5/4/2020,27.20
5/5/2020,30.97
5/6/2020,29.72
5/7/2020,29.46
5/8/2020,30.97
5/11/2020,29.63
5/12/2020,29.98
5/13/2020,29.19
5/14/2020,31.13
5/15/2020,32.50
5/18/2020,34.81
5/19/2020,34.65
5/20/2020,35.75
5/21/2020,36.06
5/22/2020,35.13
5/26/2020,36.17
5/27/2020,34.74
5/28/2020,35.29
5/29/2020,35.29
6/1/2020,35.29
6/2/2020,39.57
6/3/2020,39.79
6/4/2020,39.99
6/5/2020,42.30
6/8/2020,40.80
6/9/2020,41.18
6/10/2020,41.73
6/11/2020,38.55
6/12/2020,38.73
6/15/2020,39.72
6/16/2020,40.96
6/17/2020,40.71
6/18/2020,41.51
6/19/2020,42.19
6/22/2020,43.08
6/23/2020,42.63
6/24/2020,40.31
6/25/2020,41.05
6/26/2020,41.02
6/29/2020,41.71
6/30/2020,41.71
7/1/2020,41.71
7/2/2020,43.14
7/6/2020,43.10
7/7/2020,43.08
7/8/2020,43.29
7/9/2020,42.35
7/10/2020,43.24
7/13/2020,42.72
7/14/2020,42.90
7/15/2020,43.79
7/16/2020,43.37
7/17/2020,43.14
7/20/2020,43.28
7/21/2020,44.32
7/22/2020,44.29
7/23/2020,43.31
7/24/2020,43.34
7/27/2020,43.41
7/28/2020,43.22
7/29/2020,43.75
7/30/2020,42.94
7/31/2020,42.94
8/3/2020,42.94
8/4/2020,44.43
8/5/2020,45.17
8/6/2020,45.09
8/7/2020,44.40
8/10/2020,44.99
8/11/2020,44.50
8/12/2020,45.43
8/13/2020,44.96
8/14/2020,44.80
8/17/2020,45.37
8/18/2020,45.46
8/19/2020,45.37
8/20/2020,44.90
8/21/2020,44.35
8/24/2020,45.13
8/25/2020,45.86
8/26/2020,45.64
8/27/2020,45.09
8/28/2020,45.09
8/31/2020,45.09
9/1/2020,45.09
9/2/2020,44.43
9/3/2020,44.07
9/4/2020,42.66
9/8/2020,39.78
9/9/2020,40.79
9/10/2020,40.06
9/11/2020,39.83
9/14/2020,39.61
9/15/2020,40.53
9/16/2020,42.22
9/17/2020,43.30
9/18/2020,43.15
9/21/2020,41.44
9/22/2020,41.72
9/23/2020,41.77
9/24/2020,41.94
9/25/2020,41.92
9/28/2020,42.43
9/29/2020,41.03
9/30/2020,41.03
10/1/2020,41.03
10/2/2020,39.27
10/5/2020,41.29
10/6/2020,42.65
10/7/2020,41.99
10/8/2020,43.34
10/9/2020,42.85
10/12/2020,41.72
10/13/2020,42.45
10/14/2020,43.32
10/15/2020,43.16
10/16/2020,42.93
10/19/2020,42.62
10/20/2020,43.16
10/21/2020,41.73
10/22/2020,42.46
10/23/2020,41.77
10/26/2020,40.46
10/27/2020,41.20
10/28/2020,39.12
10/29/2020,37.65
10/30/2020,37.65
11/2/2020,37.65
11/3/2020,39.71
11/4/2020,41.23
11/5/2020,40.93
11/6/2020,39.45
11/9/2020,42.40
11/10/2020,43.61
11/11/2020,43.80
11/12/2020,43.53
11/13/2020,42.78
11/16/2020,43.82
11/17/2020,43.75
11/18/2020,44.34
11/19/2020,44.20
11/20/2020,44.96
11/23/2020,46.06
11/24/2020,47.86
11/25/2020,48.61
11/27/2020,48.18
11/30/2020,48.18
12/1/2020,48.18
12/2/2020,48.25
12/3/2020,48.71
12/4/2020,49.25
12/7/2020,48.79
12/8/2020,48.84
12/9/2020,48.86
12/10/2020,50.25
12/11/2020,49.97
12/14/2020,50.29
12/15/2020,50.76
12/16/2020,51.08
12/17/2020,51.50
12/18/2020,52.26
12/21/2020,50.91
12/22/2020,50.08
12/23/2020,51.20
12/24/2020,51.29
12/28/2020,50.86
12/29/2020,51.09
12/30/2020,51.09
12/31/2020,51.09
1/4/2021,51.09
1/5/2021,53.60
1/6/2021,54.30
1/7/2021,54.38
1/8/2021,55.99
1/11/2021,55.66
1/12/2021,56.58
1/13/2021,56.06
1/14/2021,56.42
1/15/2021,55.10
1/19/2021,55.90
1/20/2021,56.08
1/21/2021,56.10
1/22/2021,55.41
1/25/2021,55.88
1/26/2021,55.91
1/27/2021,55.81
1/28/2021,55.53
1/29/2021,55.53
2/1/2021,55.53
2/2/2021,57.46
2/3/2021,58.46
2/4/2021,58.84
2/5/2021,59.34
2/8/2021,60.56
2/9/2021,61.09
2/10/2021,61.47
2/11/2021,61.14
2/12/2021,62.43
2/16/2021,63.35
2/17/2021,64.34
2/18/2021,63.93
2/19/2021,62.91
2/22/2021,65.24
2/23/2021,65.37
2/24/2021,67.04
2/25/2021,66.88
2/26/2021,66.88
3/1/2021,66.88
3/2/2021,62.70
3/3/2021,64.07
3/4/2021,66.74
3/5/2021,69.36
3/8/2021,68.24
3/9/2021,67.52
3/10/2021,67.90
3/11/2021,69.63
3/12/2021,69.22
3/15/2021,68.88
3/16/2021,68.39
3/17/2021,68.00
3/18/2021,63.28
3/19/2021,64.53
3/22/2021,64.62
3/23/2021,60.79
3/24/2021,64.41
3/25/2021,61.95
3/26/2021,64.57
3/29/2021,64.98
3/30/2021,64.14
3/31/2021,64.14
4/1/2021,64.14
4/5/2021,62.15
4/6/2021,62.74
4/7/2021,63.16
4/8/2021,63.20
4/9/2021,62.95
4/12/2021,63.28
4/13/2021,63.67
4/14/2021,66.58
4/15/2021,66.94
4/16/2021,66.77
4/19/2021,67.05
4/20/2021,66.57
4/21/2021,65.32
4/22/2021,65.40
4/23/2021,66.11
4/26/2021,65.65
4/27/2021,66.42
4/28/2021,67.27
4/29/2021,68.56
4/30/2021,68.56
5/3/2021,68.56
5/4/2021,68.56
5/5/2021,68.96
5/6/2021,68.09
5/7/2021,68.28
5/10/2021,68.32
5/11/2021,68.55
5/12/2021,69.32
5/13/2021,67.05
5/14/2021,68.71
5/17/2021,69.46
5/18/2021,68.71
5/19/2021,66.66
5/20/2021,65.11
5/21/2021,66.44
5/24/2021,68.46
5/25/2021,68.65
5/26/2021,68.87
5/27/2021,69.46
5/28/2021,69.46
6/1/2021,69.46
6/2/2021,71.35
6/3/2021,71.31
6/4/2021,71.89
6/7/2021,71.49
6/8/2021,72.22
6/9/2021,72.22
6/10/2021,72.52
6/11/2021,72.69
6/14/2021,72.86
6/15/2021,73.99
6/16/2021,74.39
6/17/2021,73.08
6/18/2021,73.51
6/21/2021,74.90
6/22/2021,74.81
6/23/2021,75.19
6/24/2021,75.56
6/25/2021,76.18
6/28/2021,74.68
6/29/2021,74.76
6/30/2021,74.76
7/1/2021,74.76
7/2/2021,76.17
7/6/2021,74.53
7/7/2021,73.43
7/8/2021,74.12
7/9/2021,75.55
7/12/2021,75.16
7/13/2021,76.49
7/14/2021,74.76
7/15/2021,73.47
7/16/2021,73.59
7/19/2021,68.62
7/20/2021,69.35
7/21/2021,72.23
7/22/2021,73.79
7/23/2021,74.10
7/26/2021,74.50
7/27/2021,74.48
7/28/2021,74.74
7/29/2021,76.05
7/30/2021,76.05
8/2/2021,76.05
8/3/2021,72.41
8/4/2021,70.38
8/5/2021,71.29
8/6/2021,70.70
8/9/2021,69.04
8/10/2021,70.63
8/11/2021,71.44
8/12/2021,71.31
8/13/2021,70.59
8/16/2021,69.51
8/17/2021,69.03
8/18/2021,68.23
8/19/2021,66.45
8/20/2021,65.18
8/23/2021,68.75
8/24/2021,71.05
8/25/2021,72.25
8/26/2021,71.07
8/27/2021,72.70
8/30/2021,72.70
8/31/2021,72.70
9/1/2021,72.70
9/2/2021,73.03
9/3/2021,72.61
9/7/2021,71.69
9/8/2021,72.60
9/9/2021,71.45
9/10/2021,72.92
9/13/2021,73.51
9/14/2021,73.60
9/15/2021,75.46
9/16/2021,75.67
9/17/2021,75.34
9/20/2021,73.92
9/21/2021,74.36
9/22/2021,76.19
9/23/2021,77.25
9/24/2021,78.09
9/27/2021,79.53
9/28/2021,79.09
9/29/2021,78.64
9/30/2021,78.64
10/1/2021,78.64
10/4/2021,81.26
10/5/2021,82.56
10/6/2021,81.08
10/7/2021,81.95
10/8/2021,82.39
10/11/2021,83.65
10/12/2021,83.42
10/13/2021,83.18
10/14/2021,84.00
10/15/2021,84.86
10/18/2021,84.33
10/19/2021,85.08
10/20/2021,85.82
10/21/2021,84.61
10/22/2021,85.53
10/25/2021,85.99
10/26/2021,86.40
10/27/2021,84.58
10/28/2021,84.32
10/29/2021,84.32
11/1/2021,84.32
11/2/2021,84.72
11/3/2021,81.99
11/4/2021,80.54
11/5/2021,82.74
11/8/2021,83.43
11/9/2021,84.78
11/10/2021,82.64
11/11/2021,82.87
11/12/2021,82.17
11/15/2021,82.05
11/16/2021,82.43
11/17/2021,80.28
11/18/2021,81.24
11/19/2021,78.89
11/22/2021,79.70
11/23/2021,82.31
11/24/2021,82.25
11/26/2021,72.72
11/29/2021,73.44
11/30/2021,73.44
12/1/2021,73.44
12/2/2021,69.67
12/3/2021,69.88
12/6/2021,73.08
12/7/2021,75.44
12/8/2021,75.82
12/9/2021,74.42
12/10/2021,75.15
12/13/2021,74.39
12/14/2021,73.70
12/15/2021,73.88
12/16/2021,75.02
12/17/2021,73.52
12/20/2021,71.52
12/21/2021,73.98
12/22/2021,75.29
12/23/2021,76.85
12/27/2021,78.60
12/28/2021,78.94
12/29/2021,79.23
12/30/2021,79.23
12/31/2021,79.23
1/3/2022,78.98
1/4/2022,80.00
1/5/2022,80.80
1/6/2022,81.99
1/7/2022,81.75
1/10/2022,80.87
1/11/2022,83.72
1/12/2022,84.67
1/13/2022,84.47
1/14/2022,86.06
1/18/2022,87.51
1/19/2022,88.44
1/20/2022,88.38
1/21/2022,87.89
1/24/2022,86.27
1/25/2022,88.20
1/26/2022,89.96
1/27/2022,89.34
1/28/2022,90.03
1/31/2022,90.03
2/1/2022,90.03
2/2/2022,89.47
2/3/2022,91.11
2/4/2022,93.27
2/7/2022,92.69
2/8/2022,90.78
2/9/2022,91.55
2/10/2022,91.41
2/11/2022,94.44
2/14/2022,96.48
2/15/2022,93.28
2/16/2022,94.81
2/17/2022,92.97
2/18/2022,93.54
2/22/2022,96.84
2/23/2022,96.84
2/24/2022,99.08
2/25/2022,97.93
2/28/2022,97.93
3/1/2022,97.93
3/2/2022,112.93
3/3/2022,110.46
3/4/2022,118.11
3/7/2022,123.21
3/8/2022,127.98
3/9/2022,111.14
3/10/2022,109.33
3/11/2022,112.67
3/14/2022,106.90
3/15/2022,99.91
3/16/2022,98.02
3/17/2022,106.64
3/18/2022,107.93
3/21/2022,115.62
3/22/2022,115.48
3/23/2022,121.60
3/24/2022,119.03
3/25/2022,120.65
3/28/2022,112.48
3/29/2022,110.23
3/30/2022,113.45
3/31/2022,113.45
4/1/2022,113.45
4/4/2022,107.53
4/5/2022,106.64
4/6/2022,101.07
4/7/2022,100.58
4/8/2022,102.78
4/11/2022,98.48
4/12/2022,104.64
4/13/2022,108.78
4/14/2022,111.70
4/18/2022,113.16
4/19/2022,107.25
4/20/2022,106.80
4/21/2022,108.33
4/22/2022,106.65
4/25/2022,102.32
4/26/2022,104.99
4/27/2022,105.32
4/28/2022,107.59
4/29/2022,107.59
5/2/2022,107.59
5/3/2022,107.59
5/4/2022,110.14
5/5/2022,110.90
5/6/2022,112.39
5/9/2022,105.94
5/10/2022,102.46
5/11/2022,107.51
5/12/2022,107.45
5/13/2022,111.55
5/16/2022,114.24
5/17/2022,111.93
5/18/2022,109.11
5/19/2022,112.04
5/20/2022,112.55
5/23/2022,113.42
5/24/2022,113.56
5/25/2022,114.03
5/26/2022,117.40
5/27/2022,119.43
5/31/2022,119.43
6/1/2022,119.43
6/2/2022,117.61
6/3/2022,119.72
6/6/2022,119.51
6/7/2022,120.57
6/8/2022,123.58
6/9/2022,123.07
6/10/2022,122.01
6/13/2022,122.27
6/14/2022,121.17
6/15/2022,118.51
6/16/2022,119.81
6/17/2022,113.12
6/21/2022,114.65
6/22/2022,111.74
6/23/2022,110.05
6/24/2022,113.12
6/27/2022,115.09
6/28/2022,117.98
6/29/2022,116.26
6/30/2022,116.26
7/1/2022,116.26
7/5/2022,102.77
7/6/2022,100.69
7/7/2022,104.65
7/8/2022,107.02
7/11/2022,107.10
7/12/2022,99.49
7/13/2022,99.57
7/14/2022,99.10
7/15/2022,101.16
7/18/2022,106.27
7/19/2022,107.35
7/20/2022,106.92
7/21/2022,103.86
7/22/2022,103.20
7/25/2022,105.15
7/26/2022,104.40
7/27/2022,106.62
7/28/2022,107.14
7/29/2022,107.14
8/1/2022,107.14
8/2/2022,100.54
8/3/2022,96.78
8/4/2022,94.12
8/5/2022,94.92
8/8/2022,96.65
8/9/2022,96.31
8/10/2022,97.40
8/11/2022,99.60
8/12/2022,98.15
8/15/2022,95.10
8/16/2022,92.34
8/17/2022,93.65
8/18/2022,96.59
8/19/2022,96.72
8/22/2022,96.48
8/23/2022,100.22
8/24/2022,101.22
8/25/2022,99.34
8/26/2022,100.99
8/29/2022,105.09
8/30/2022,99.31
8/31/2022,99.31
9/1/2022,99.31
9/2/2022,93.02
9/6/2022,92.83
9/7/2022,88.00
9/8/2022,89.15
9/9/2022,92.84
9/12/2022,94.00
9/13/2022,93.17
9/14/2022,94.10
9/15/2022,90.84
9/16/2022,91.35
9/19/2022,92.00
9/20/2022,90.62
9/21/2022,89.83
9/22/2022,90.46
9/23/2022,86.15
9/26/2022,84.06
9/27/2022,86.27
9/28/2022,89.32
9/29/2022,88.49
9/30/2022,88.49
10/3/2022,88.49
10/4/2022,91.80
10/5/2022,93.37
10/6/2022,94.42
10/7/2022,97.92
10/10/2022,96.19
10/11/2022,94.29
10/12/2022,92.45
10/13/2022,94.57
10/14/2022,91.63
10/17/2022,91.62
10/18/2022,90.03
10/19/2022,92.41
10/20/2022,92.38
10/21/2022,93.50
10/24/2022,93.26
10/25/2022,93.52
10/26/2022,95.69
10/27/2022,96.96
10/28/2022,95.77
10/31/2022,92.81
11/1/2022,94.65
11/2/2022,96.16
11/3/2022,94.67
11/4/2022,98.57
11/7/2022,97.92
11/8/2022,95.36
11/9/2022,92.65
11/10/2022,93.67
11/11/2022,95.99
11/14/2022,93.14
11/15/2022,93.86
11/16/2022,92.86
11/17/2022,89.78
11/18/2022,87.62
11/21/2022,87.45
11/22/2022,88.36
11/23/2022,85.41
11/25/2022,83.63
11/28/2022,83.19
11/29/2022,83.03
11/30/2022,83.03
12/1/2022,83.03
12/2/2022,85.57
12/5/2022,82.68
12/6/2022,79.35
12/7/2022,77.17
12/8/2022,76.15
12/9/2022,76.10
12/12/2022,77.99
12/13/2022,80.68
12/14/2022,82.70
12/15/2022,81.21
12/16/2022,79.04
12/19/2022,79.80
12/20/2022,79.99
12/21/2022,82.20
12/22/2022,80.98
12/23/2022,83.92
12/27/2022,84.33
12/28/2022,83.26
12/29/2022,83.26
12/30/2022,83.26
1/3/2023,82.10
1/4/2023,77.84
1/5/2023,78.69
1/6/2023,78.57
1/9/2023,79.65
1/10/2023,80.10
1/11/2023,82.67
1/12/2023,84.03
1/13/2023,85.28
1/17/2023,85.92
1/18/2023,84.98
1/19/2023,86.16
1/20/2023,87.63
1/23/2023,88.19
1/24/2023,86.13
1/25/2023,86.12
1/26/2023,87.47
1/27/2023,86.66
1/30/2023,84.90
1/31/2023,84.90
2/1/2023,84.90
2/2/2023,82.17
2/3/2023,79.94
2/6/2023,80.99
2/7/2023,83.69
2/8/2023,85.09
2/9/2023,84.50
2/10/2023,86.39
2/13/2023,86.61
2/14/2023,85.58
2/15/2023,85.38
2/16/2023,85.14
2/17/2023,83.00
2/21/2023,83.05
2/22/2023,80.60
2/23/2023,82.21
2/24/2023,83.16
2/27/2023,82.45
2/28/2023,82.45
3/1/2023,82.45
3/2/2023,84.75
3/3/2023,85.83
3/6/2023,86.18
3/7/2023,83.29
3/8/2023,82.66
3/9/2023,81.59
3/10/2023,82.78
3/13/2023,80.77
3/14/2023,77.45
3/15/2023,73.69
3/16/2023,74.70
3/17/2023,72.97
3/20/2023,73.79
3/21/2023,75.32
3/22/2023,76.69
3/23/2023,75.91
3/24/2023,74.99
3/27/2023,78.12
3/28/2023,78.65
3/29/2023,78.28
3/30/2023,79.27
3/31/2023,79.27
4/3/2023,79.27
4/4/2023,84.94
4/5/2023,84.99
4/6/2023,85.12
4/10/2023,84.18
4/11/2023,85.61
4/12/2023,87.33
4/13/2023,86.09
4/14/2023,86.31
4/17/2023,84.76
4/18/2023,84.77
4/19/2023,83.12
4/20/2023,81.10
4/21/2023,81.66
4/24/2023,82.73
4/25/2023,80.77
4/26/2023,77.69
4/27/2023,78.37
4/28/2023,78.37
5/1/2023,78.37
5/2/2023,78.37
5/3/2023,72.33
5/4/2023,72.50
5/5/2023,75.30
5/8/2023,77.01
5/9/2023,77.44
5/10/2023,76.41
5/11/2023,74.98
5/12/2023,74.17
5/15/2023,75.23
5/16/2023,74.91
5/17/2023,76.96
5/18/2023,75.86
5/19/2023,75.58
5/22/2023,75.99
5/23/2023,76.84
5/24/2023,78.36
5/25/2023,76.26
5/26/2023,76.95
5/30/2023,73.54
5/31/2023,73.54
6/1/2023,73.54
6/2/2023,76.13
6/5/2023,76.71
6/6/2023,76.29
6/7/2023,76.95
6/8/2023,75.96
6/9/2023,74.79
6/12/2023,71.84
6/13/2023,74.29
6/14/2023,73.20
6/15/2023,75.67
6/16/2023,76.61
6/20/2023,75.90
6/21/2023,77.12
6/22/2023,74.14
6/23/2023,73.85
6/26/2023,74.18
6/27/2023,72.26
6/28/2023,74.03
6/29/2023,74.34
6/30/2023,74.34
7/3/2023,74.34
7/5/2023,76.65
7/6/2023,76.52
7/7/2023,78.47
7/10/2023,77.69
7/11/2023,79.40
7/12/2023,80.11
7/13/2023,81.36
7/14/2023,79.87
7/17/2023,78.50
7/18/2023,79.63
7/19/2023,79.46
7/20/2023,79.64
7/21/2023,81.07
7/24/2023,82.74
7/25/2023,83.64
7/26/2023,82.92
7/27/2023,84.24
7/28/2023,84.99
7/31/2023,84.99
8/1/2023,84.99
8/2/2023,83.20
8/3/2023,85.14
8/4/2023,86.24
8/7/2023,85.34
8/8/2023,86.17
8/9/2023,87.55
8/10/2023,86.40
8/11/2023,86.81
8/14/2023,86.21
8/15/2023,84.89
8/16/2023,83.45
8/17/2023,84.12
8/18/2023,84.80
8/21/2023,84.46
8/22/2023,84.03
8/23/2023,83.21
8/24/2023,83.36
8/25/2023,84.48
8/28/2023,84.42
8/29/2023,85.49
8/30/2023,85.86
8/31/2023,85.86
9/1/2023,85.86
9/5/2023,90.04
9/6/2023,90.60
9/7/2023,89.92
9/8/2023,90.65
9/11/2023,90.64
9/12/2023,92.06
9/13/2023,91.88
9/14/2023,93.70
9/15/2023,93.93
9/18/2023,94.43
9/19/2023,94.34
9/20/2023,93.53
9/21/2023,93.30
9/22/2023,93.27
9/25/2023,93.29
9/26/2023,93.96
9/27/2023,96.55
9/28/2023,95.38
9/29/2023,95.38
10/2/2023,95.38
10/3/2023,90.92
10/4/2023,85.81
10/5/2023,84.07
10/6/2023,84.58
10/9/2023,88.15
10/10/2023,87.65
10/11/2023,85.82
10/12/2023,86.00
10/13/2023,90.89
10/16/2023,89.65
10/17/2023,89.90
10/18/2023,91.50
10/19/2023,92.38
10/20/2023,92.16
10/23/2023,89.83
10/24/2023,88.07
10/25/2023,90.13
10/26/2023,87.93
10/27/2023,90.48
10/30/2023,87.45
10/31/2023,87.45
11/1/2023,87.45
11/2/2023,86.85
11/3/2023,84.89
11/6/2023,85.18
11/7/2023,81.61
11/8/2023,79.54
11/9/2023,80.01
11/10/2023,81.43
11/13/2023,82.52
11/14/2023,82.47
11/15/2023,81.18
11/16/2023,77.42
11/17/2023,80.61
11/20/2023,82.32
11/21/2023,82.45
11/22/2023,81.96
11/24/2023,80.58
11/27/2023,79.98
11/28/2023,81.68
11/29/2023,83.10
11/30/2023,83.10
12/1/2023,83.10
12/4/2023,78.03
12/5/2023,77.20
12/6/2023,74.30
12/7/2023,74.05
12/8/2023,75.84
12/11/2023,76.03
12/12/2023,73.24
12/13/2023,74.26
12/14/2023,76.61
12/15/2023,76.55
12/18/2023,77.95
12/19/2023,79.23
12/20/2023,79.70
12/21/2023,79.39
12/22/2023,79.07
12/26/2023,81.07
12/27/2023,79.65
12/28/2023,79.65
12/29/2023,79.65
1/2/2024,75.89
1/3/2024,78.25
1/4/2024,77.59
1/5/2024,78.76
1/8/2024,76.12
1/9/2024,77.59
1/10/2024,76.80
1/11/2024,77.41
1/12/2024,78.29
1/16/2024,78.29
1/17/2024,77.88
1/18/2024,79.10
1/19/2024,78.56
1/22/2024,80.06
1/23/2024,79.55
1/24/2024,80.04
1/25/2024,82.43
1/26/2024,83.55
1/29/2024,82.40
1/30/2024,82.87
1/31/2024,82.87
2/1/2024,82.87
2/2/2024,77.33
2/5/2024,77.99
2/6/2024,78.59
2/7/2024,79.21
2/8/2024,81.63
2/9/2024,82.19
2/12/2024,82.00
2/13/2024,82.77
2/14/2024,81.60
2/15/2024,82.86
2/16/2024,83.47
2/20/2024,82.34
2/21/2024,83.03
2/22/2024,83.67
2/23/2024,81.62
2/26/2024,82.53
2/27/2024,83.65
2/28/2024,83.68
2/29/2024,83.68
3/1/2024,83.68
3/4/2024,82.80
3/5/2024,82.04
3/6/2024,82.96
3/7/2024,82.96
3/8/2024,82.08
3/11/2024,82.21
3/12/2024,81.92
3/13/2024,84.03
3/14/2024,85.42
3/15/2024,85.34
3/18/2024,86.89
3/19/2024,87.38
3/20/2024,85.95
3/21/2024,85.78
3/22/2024,85.43
3/25/2024,86.75
3/26/2024,86.25
3/27/2024,86.09
3/28/2024,86.09
4/1/2024,86.09
4/2/2024,86.09
4/3/2024,89.35
4/4/2024,90.65
4/5/2024,91.17
4/8/2024,90.38
4/9/2024,89.42
4/10/2024,90.48
4/11/2024,89.74
4/12/2024,90.45
4/15/2024,90.10
4/16/2024,90.02
4/17/2024,87.29
4/18/2024,87.11
4/19/2024,87.29
4/22/2024,87.00
4/23/2024,88.42
4/24/2024,88.02
4/25/2024,89.01
4/26/2024,89.50
4/29/2024,88.40
4/30/2024,88.40
5/1/2024,88.40
5/2/2024,83.67
5/3/2024,82.96
5/6/2024,83.33
5/7/2024,83.16
5/8/2024,83.58
5/9/2024,83.88
5/10/2024,82.79
5/13/2024,83.36
5/14/2024,82.38
5/15/2024,82.75
5/16/2024,83.27
5/17/2024,83.98
5/20/2024,83.71
5/21/2024,82.88
5/22/2024,81.90
5/23/2024,81.36
5/24/2024,82.12
5/28/2024,84.22
5/29/2024,83.60
5/30/2024,81.86
5/31/2024,81.86
6/3/2024,81.86
6/4/2024,77.52
6/5/2024,78.41
6/6/2024,79.87
6/7/2024,79.62
6/10/2024,81.63
6/11/2024,81.92
6/12/2024,82.60
6/13/2024,82.75
6/14/2024,82.62
6/17/2024,84.25
6/18/2024,85.33
6/20/2024,85.71
6/21/2024,85.24
6/24/2024,86.01
6/25/2024,85.01
6/26/2024,85.25
6/27/2024,86.39
6/28/2024,86.39
7/1/2024,86.39
7/2/2024,86.24
7/3/2024,87.34
7/5/2024,86.54
7/8/2024,85.75
7/9/2024,84.66
7/10/2024,85.08
7/11/2024,85.40
7/12/2024,85.03
7/15/2024,84.85
7/16/2024,83.73
7/17/2024,85.08
7/18/2024,85.11
7/19/2024,82.63
7/22/2024,82.40
7/23/2024,81.01
7/24/2024,81.71
7/25/2024,82.37
7/26/2024,81.13
7/29/2024,79.78
7/30/2024,78.63
7/31/2024,78.63
8/1/2024,78.63
8/2/2024,76.81
8/5/2024,76.30
8/6/2024,76.48
8/7/2024,78.33
8/8/2024,79.16
8/9/2024,79.66
8/12/2024,82.30
8/13/2024,80.69
8/14/2024,79.76
8/15/2024,81.04
8/16/2024,79.68
8/19/2024,77.66
8/20/2024,77.20
8/21/2024,76.05
8/22/2024,77.22
8/23/2024,79.02
8/26/2024,81.43
8/27/2024,79.55
8/28/2024,78.65
8/29/2024,79.94
8/30/2024,79.94
9/3/2024,73.75
9/4/2024,72.70
9/5/2024,72.69
9/6/2024,71.06
9/9/2024,71.84
9/10/2024,69.19
9/11/2024,70.61
9/12/2024,71.97
9/13/2024,71.61
9/16/2024,72.75
9/17/2024,73.70
9/18/2024,73.65
9/19/2024,74.88
9/20/2024,74.49
9/23/2024,73.90
9/24/2024,75.17
9/25/2024,73.46
9/26/2024,71.60
9/27/2024,71.98
9/30/2024,71.98
10/1/2024,71.98
10/2/2024,73.90
10/3/2024,77.62
10/4/2024,78.05
10/7/2024,80.93
10/8/2024,77.18
10/9/2024,76.58
10/10/2024,79.40
10/11/2024,79.04
10/14/2024,77.46
10/15/2024,74.25
10/16/2024,74.22
10/17/2024,74.45
10/18/2024,73.06
10/21/2024,74.29
10/22/2024,76.04
10/23/2024,74.96
10/24/2024,74.38
10/25/2024,76.05
10/28/2024,71.42
10/29/2024,71.12
10/30/2024,72.55
10/31/2024,72.55
11/1/2024,72.55
11/4/2024,75.08
11/5/2024,75.53
11/6/2024,74.92
11/7/2024,75.63
11/8/2024,73.87
11/11/2024,71.83
11/12/2024,71.89
11/13/2024,72.28
11/14/2024,72.56
11/15/2024,71.04
11/18/2024,73.30
11/19/2024,73.31
11/20/2024,72.81
11/21/2024,74.23
11/22/2024,75.17
11/25/2024,73.01
11/26/2024,72.81
11/27/2024,72.83
11/29/2024,72.83
12/2/2024,72.83
12/3/2024,73.62
12/4/2024,72.31
12/5/2024,72.09
12/6/2024,71.12
12/9/2024,72.14
12/10/2024,72.19
12/11/2024,73.52
12/12/2024,73.41
12/13/2024,74.49
12/16/2024,73.91
12/17/2024,73.19
12/18/2024,73.39
12/19/2024,72.88
12/20/2024,72.94
12/23/2024,72.63
12/24/2024,73.58
12/26/2024,73.26
12/27/2024,74.17
12/30/2024,74.17
12/31/2024,74.17
1/2/2025,75.93
1/3/2025,76.51
1/6/2025,76.30
1/7/2025,77.05
1/8/2025,76.16
1/9/2025,76.92
1/10/2025,79.76
1/13/2025,81.01
1/14/2025,79.92
1/15/2025,82.03
1/16/2025,81.29
1/17/2025,80.79
1/21/2025,79.29
1/22/2025,79.00
1/23/2025,78.29
1/24/2025,78.50
1/27/2025,77.08
1/28/2025,77.49
1/29/2025,76.58
1/30/2025,76.87
1/31/2025,76.87
2/3/2025,76.87
2/4/2025,76.20
2/5/2025,74.61
2/6/2025,74.29
2/7/2025,74.66
2/10/2025,75.87
2/11/2025,77.00
2/12/2025,75.18
2/13/2025,75.02
2/14/2025,74.74
2/18/2025,75.84
2/19/2025,76.04
2/20/2025,76.48
2/21/2025,74.43
2/24/2025,74.78
2/25/2025,73.02
2/26/2025,72.53
2/27/2025,74.04
2/28/2025,74.04
3/3/2025,74.04
3/4/2025,71.04
3/5/2025,69.30
3/6/2025,69.46
3/7/2025,70.36
3/10/2025,69.28
3/11/2025,69.56
3/12/2025,70.95
3/13/2025,69.88
3/14/2025,70.58
3/17/2025,71.07
3/18/2025,70.56
3/19/2025,70.78
3/20/2025,72.00
3/21/2025,72.16
3/24/2025,73.00
3/25/2025,73.02
3/26/2025,73.79
3/27/2025,74.03
3/28/2025,73.63
3/31/2025,73.63
4/1/2025,73.63
4/2/2025,74.95
4/3/2025,70.14
4/4/2025,65.58
4/7/2025,64.21
4/8/2025,62.82
4/9/2025,65.48
4/10/2025,63.33
4/11/2025,64.76
4/14/2025,64.88
4/15/2025,64.67
4/16/2025,65.85
4/17/2025,67.96
4/21/2025,66.26
4/22/2025,67.44
4/23/2025,66.12
4/24/2025,66.55
4/25/2025,66.87
4/28/2025,65.86
4/29/2025,64.25
4/30/2025,64.25
5/1/2025,64.25
5/2/2025,61.29
5/5/2025,60.23
5/6/2025,62.15
5/7/2025,61.12
5/8/2025,62.84
5/9/2025,63.91
5/12/2025,64.96
5/13/2025,66.63
5/14/2025,66.09
5/15/2025,64.53
5/16/2025,65.41
5/19/2025,65.54
5/20/2025,65.38
5/21/2025,64.91
5/22/2025,64.44
5/23/2025,64.78
5/27/2025,64.09
5/28/2025,64.90
5/29/2025,64.15
5/30/2025,64.15
6/2/2025,64.15
6/3/2025,65.63
6/4/2025,64.86
6/5/2025,65.34
6/6/2025,66.47
6/9/2025,67.04
6/10/2025,66.87
6/11/2025,69.77
6/12/2025,69.36
6/13/2025,74.23
6/16/2025,73.23
6/17/2025,76.45
6/18/2025,76.70
6/20/2025,77.01
6/23/2025,71.48
6/24/2025,67.14
6/25/2025,67.68
6/26/2025,67.73
6/27/2025,67.77
6/30/2025,67.77
7/1/2025,67.77
7/2/2025,69.11
7/3/2025,68.80
7/7/2025,69.58
7/8/2025,70.15
7/9/2025,70.19
7/10/2025,68.64
7/11/2025,70.36
7/14/2025,69.21
7/15/2025,68.71
7/16/2025,68.52
7/17/2025,69.52
7/18/2025,69.28
7/21/2025,69.21
7/22/2025,68.59
7/23/2025,68.51
7/24/2025,69.18
7/25/2025,68.44
7/28/2025,70.04
7/29/2025,72.51
7/30/2025,73.24
7/31/2025,73.24
8/1/2025,73.24
8/4/2025,68.76
8/5/2025,67.64
8/6/2025,66.89
8/7/2025,66.43
8/8/2025,66.59
8/11/2025,66.63
8/12/2025,66.12
8/13/2025,65.63
8/14/2025,66.84
8/15/2025,65.85
8/18/2025,66.60
8/19/2025,65.79
8/20/2025,66.84
8/21/2025,67.67
8/22/2025,67.73
8/25/2025,68.80
8/26/2025,67.22
8/27/2025,68.05
8/28/2025,68.62
8/29/2025,68.62
9/2/2025,69.14
9/3/2025,67.60
9/4/2025,66.99
9/5/2025,65.50
9/8/2025,66.02
9/9/2025,66.39
9/10/2025,67.49
9/11/2025,66.37
9/12/2025,66.99
9/15/2025,67.44
9/16/2025,68.47
9/17/2025,67.95
9/18/2025,67.44
9/19/2025,66.68
9/22/2025,66.57
9/23/2025,67.63
9/24/2025,69.31
9/25/2025,69.42
9/26/2025,70.13
9/29/2025,67.97
9/30/2025,67.97
10/1/2025,67.97
10/2/2025,64.11
10/3/2025,64.53
10/6/2025,65.47
10/7/2025,65.45
10/8/2025,66.25
10/9/2025,65.22
10/10/2025,62.73
10/13/2025,63.32
10/14/2025,62.39
10/15/2025,61.91
10/16/2025,61.06
10/17/2025,61.29
10/20/2025,61.01
