date,sentiment_ng,sentiment_oil,sentiment_power
2017-06-05,-0.011886531487107277,,
2017-06-06,-0.011886531487107277,,
2017-06-07,-0.011886531487107277,,
2017-06-08,-0.011886531487107277,,
2017-06-09,,,
2017-06-12,,,
2017-06-13,,,
2017-06-14,,,
2017-06-15,,,
2017-06-16,,,
2017-06-19,,,
2017-06-20,,,
2017-06-21,,,
2017-06-22,,,
2017-06-23,,,
2017-06-26,,,
2017-06-27,,,
2017-06-28,,,
2017-06-29,,,
2017-06-30,,,
2017-07-03,,,
2017-07-04,,,
2017-07-05,,,
2017-07-06,,,
2017-07-07,,,
2017-07-10,,,
2017-07-11,,,
2017-07-12,,,
2017-07-13,,,
2017-07-14,,,
2017-07-17,,,
2017-07-18,,,
2017-07-19,,,
2017-07-20,,,
2017-07-21,,,
2017-07-24,,,
2017-07-25,,,
2017-07-26,,,
2017-07-27,,,
2017-07-28,-0.013831142336130142,,
2017-07-31,-0.011252006515860558,,
2017-08-01,-0.011252006515860558,,
2017-08-02,-0.011252006515860558,,
2017-08-03,-0.011252006515860558,,
2017-08-04,,,
2017-08-07,,,
2017-08-08,,,
2017-08-09,,,
2017-08-10,,,
2017-08-11,,,
2017-08-14,,,
2017-08-15,,,
2017-08-16,,,
2017-08-17,,,
2017-08-18,,,
2017-08-21,,,
2017-08-22,,,
2017-08-23,,,
2017-08-24,,,
2017-08-25,,,
2017-08-28,,,
2017-08-29,,,
2017-08-30,,,
2017-08-31,,,
2017-09-01,,,
2017-09-04,,,
2017-09-05,,,
2017-09-06,,,
2017-09-07,,,
2017-09-08,,,
2017-09-11,,,
2017-09-12,,,
2017-09-13,,,
2017-09-14,,,
2017-09-15,,,
2017-09-18,,,
2017-09-19,,,
2017-09-20,,,
2017-09-21,,,
2017-09-22,,,
2017-09-25,,,
2017-09-26,,,
2017-09-27,,,
2017-09-28,,,-0.008066032081842422
2017-09-29,,,-0.008066032081842422
2017-10-02,,,-0.008066032081842422
2017-10-03,-0.00916864350438118,,-0.008066032081842422
2017-10-04,-0.00916864350438118,,
2017-10-05,-0.00916864350438118,,
2017-10-06,-0.00916864350438118,,
2017-10-09,,,
2017-10-10,,,
2017-10-11,,,
2017-10-12,,,
2017-10-13,,,
2017-10-16,,,
2017-10-17,,,
2017-10-18,,,
2017-10-19,,,
2017-10-20,,,
2017-10-23,,,
2017-10-24,,,
2017-10-25,,,
2017-10-26,-0.00895138829946518,,
2017-10-27,-0.012423073872923851,,
2017-10-30,-0.012423073872923851,,
2017-10-31,-0.012423073872923851,,
2017-11-01,-0.012423073872923851,,
2017-11-02,,,
2017-11-03,,,
2017-11-06,,,
2017-11-07,,,
2017-11-08,,,
2017-11-09,,,
2017-11-10,,,
2017-11-13,-0.009016403928399086,,
2017-11-14,-0.009016403928399086,,
2017-11-15,-0.009016403928399086,,
2017-11-16,-0.009016403928399086,,
2017-11-17,,,
2017-11-20,,,
2017-11-21,,,
2017-11-22,,,
2017-11-23,,,
2017-11-24,,,
2017-11-27,,,
2017-11-28,,,
2017-11-29,,,
2017-11-30,,,
2017-12-01,,,
2017-12-04,,,
2017-12-05,,,
2017-12-06,,,
2017-12-07,,,
2017-12-08,,,
2017-12-11,,,
2017-12-12,,,
2017-12-13,,,
2017-12-14,,,
2017-12-15,,,
2017-12-18,,,
2017-12-19,,,
2017-12-20,,,
2017-12-21,,,
2017-12-22,,,
2017-12-25,,,
2017-12-26,,,
2017-12-27,,,
2017-12-28,,,
2017-12-29,,,
2018-01-01,,,
2018-01-02,,,
2018-01-03,,,
2018-01-04,,,
2018-01-05,,,
2018-01-08,,,
2018-01-09,,,
2018-01-10,,,
2018-01-11,,,
2018-01-12,,,
2018-01-15,,,
2018-01-16,,,
2018-01-17,,,
2018-01-18,,,
2018-01-19,,,
2018-01-22,,,
2018-01-23,,,
2018-01-24,,,
2018-01-25,,,
2018-01-26,,,
2018-01-29,,,
2018-01-30,,,
2018-01-31,,,
2018-02-01,-0.008793063461780548,,
2018-02-02,-0.01157374493777752,,
2018-02-05,-0.01157374493777752,,
2018-02-06,-0.01157374493777752,,
2018-02-07,-0.01157374493777752,,
2018-02-08,,,
2018-02-09,,,
2018-02-12,,,
2018-02-13,,,
2018-02-14,,,
2018-02-15,,,
2018-02-16,,,
2018-02-19,,,
2018-02-20,,,
2018-02-21,,,
2018-02-22,,,
2018-02-23,,,
2018-02-26,,,
2018-02-27,,,
2018-02-28,,,
2018-03-01,,,
2018-03-02,,,
2018-03-05,,,
2018-03-06,,,
2018-03-07,,,
2018-03-08,,,
2018-03-09,,,
2018-03-12,,,
2018-03-13,,,
2018-03-14,,,
2018-03-15,,,
2018-03-16,,,
2018-03-19,,,
2018-03-20,,,
2018-03-21,,,
2018-03-22,,,
2018-03-23,,,
2018-03-26,,,
2018-03-27,,,
2018-03-28,,,
2018-03-29,,,
2018-03-30,,,
2018-04-02,,,
2018-04-03,,,
2018-04-04,,,
2018-04-05,,,
2018-04-06,,,
2018-04-09,,,
2018-04-10,,,
2018-04-11,,,
2018-04-12,,,
2018-04-13,,,
2018-04-16,,,
2018-04-17,,,
2018-04-18,,,
2018-04-19,,,
2018-04-20,,,
2018-04-23,,,
2018-04-24,,,
2018-04-25,,,
2018-04-26,,,
2018-04-27,-0.01178797334432602,,
2018-04-30,-0.01178797334432602,,
2018-05-01,-0.01178797334432602,,
2018-05-02,-0.01178797334432602,,
2018-05-03,,,
2018-05-04,,,
2018-05-07,,,
2018-05-08,,,
2018-05-09,,,
2018-05-10,,,
2018-05-11,,,
2018-05-14,,,
2018-05-15,,,
2018-05-16,,,
2018-05-17,,,
2018-05-18,,,
2018-05-21,,,
2018-05-22,,,
2018-05-23,,,
2018-05-24,,,
2018-05-25,,,
2018-05-28,,,
2018-05-29,,,
2018-05-30,,,
2018-05-31,,,
2018-06-01,,,
2018-06-04,-0.006356097757816315,,
2018-06-05,-0.006356097757816315,,
2018-06-06,-0.006356097757816315,,
2018-06-07,-0.006356097757816315,,
2018-06-08,,,
2018-06-11,,,
2018-06-12,,,
2018-06-13,,,
2018-06-14,,,
2018-06-15,,,
2018-06-18,,,
2018-06-19,,,
2018-06-20,,,
2018-06-21,,,
2018-06-22,,,
2018-06-25,,,
2018-06-26,,,
2018-06-27,,,
2018-06-28,,,
2018-06-29,,,
2018-07-02,,,
2018-07-03,,,
2018-07-04,,,
2018-07-05,,,
2018-07-06,,,
2018-07-09,,,
2018-07-10,,,
2018-07-11,,,
2018-07-12,,,
2018-07-13,,,
2018-07-16,,,
2018-07-17,,,
2018-07-18,,,
2018-07-19,,,
2018-07-20,,,
2018-07-23,,,
2018-07-24,,,
2018-07-25,,,
2018-07-26,,,
2018-07-27,-0.013214042410254478,,
2018-07-30,-0.013214042410254478,,
2018-07-31,-0.013214042410254478,,
2018-08-01,-0.013214042410254478,,
2018-08-02,,,
2018-08-03,,,
2018-08-06,,,
2018-08-07,,,
2018-08-08,,,
2018-08-09,,,
2018-08-10,,,
2018-08-13,,,
2018-08-14,,,
2018-08-15,,,
2018-08-16,,,
2018-08-17,,,
2018-08-20,,,
2018-08-21,,,
2018-08-22,,,
2018-08-23,,,
2018-08-24,,,
2018-08-27,,,
2018-08-28,,,
2018-08-29,,,
2018-08-30,,,
2018-08-31,,,
2018-09-03,,,
2018-09-04,,,
2018-09-05,,,
2018-09-06,,,
2018-09-07,,,
2018-09-10,,,
2018-09-11,,,
2018-09-12,,,
2018-09-13,,,
2018-09-14,,,
2018-09-17,,,
2018-09-18,,,
2018-09-19,,,
2018-09-20,,,
2018-09-21,,,
2018-09-24,,,
2018-09-25,,,
2018-09-26,,,
2018-09-27,,,
2018-09-28,,,
2018-10-01,,,
2018-10-02,,,
2018-10-03,,,
2018-10-04,,,
2018-10-05,,,
2018-10-08,,,
2018-10-09,,,
2018-10-10,,,
2018-10-11,,,
2018-10-12,,,
2018-10-15,,,
2018-10-16,,,
2018-10-17,,,
2018-10-18,,,
2018-10-19,,,
2018-10-22,,,
2018-10-23,,,
2018-10-24,,,
2018-10-25,,,
2018-10-26,,,
2018-10-29,,,
2018-10-30,,,
2018-10-31,,,
2018-11-01,,,
2018-11-02,-0.011583909392356873,,
2018-11-05,-0.011583909392356873,,
2018-11-06,-0.011583909392356873,,
2018-11-07,-0.011583909392356873,,
2018-11-08,,,
2018-11-09,,,
2018-11-12,,,
2018-11-13,,,
2018-11-14,,,
2018-11-15,,,
2018-11-16,,,
2018-11-19,,,
2018-11-20,,,
2018-11-21,,,
2018-11-22,,,
2018-11-23,,,
2018-11-26,,,
2018-11-27,,,
2018-11-28,,,
2018-11-29,,,
2018-11-30,,,
2018-12-03,,,
2018-12-04,,,
2018-12-05,,,
2018-12-06,-0.011909006163477898,,
2018-12-07,-0.011909006163477898,,
2018-12-10,-0.011909006163477898,,
2018-12-11,-0.011909006163477898,,
2018-12-12,,,
2018-12-13,,,
2018-12-14,,,
2018-12-17,,,
2018-12-18,,,
2018-12-19,,,
2018-12-20,,,
2018-12-21,,,
2018-12-24,,,
2018-12-25,,,
2018-12-26,,,
2018-12-27,,,
2018-12-28,,,
2018-12-31,,,
2019-01-01,,,
2019-01-02,,,
2019-01-03,,,
2019-01-04,,,
2019-01-07,,,
2019-01-08,,,
2019-01-09,,,
2019-01-10,,,
2019-01-11,,,
2019-01-14,,,
2019-01-15,,,
2019-01-16,,,
2019-01-17,,,
2019-01-18,,,
2019-01-21,,,
2019-01-22,,,
2019-01-23,,,
2019-01-24,,,
2019-01-25,,,
2019-01-28,,,
2019-01-29,,,
2019-01-30,,,
2019-01-31,,,
2019-02-01,-0.01766430400311947,,
2019-02-04,-0.0077854301780462265,,
2019-02-05,-0.008749270811676979,,
2019-02-06,-0.008749270811676979,,
2019-02-07,-0.008749270811676979,,
2019-02-08,-0.008749270811676979,,
2019-02-11,,,
2019-02-12,,,
2019-02-13,,,
2019-02-14,,,
2019-02-15,,,
2019-02-18,,,
2019-02-19,,,
2019-02-20,,,
2019-02-21,,,
2019-02-22,,,
2019-02-25,,,
2019-02-26,,-0.019600817933678627,
2019-02-27,,-0.019600817933678627,
2019-02-28,,-0.019600817933678627,
2019-03-01,,-0.019600817933678627,
2019-03-04,,,
2019-03-05,,,
2019-03-06,,,
2019-03-07,,,
2019-03-08,,,
2019-03-11,,,
2019-03-12,,,
2019-03-13,,,
2019-03-14,,,
2019-03-15,,,
2019-03-18,,,
2019-03-19,,,
2019-03-20,,,
2019-03-21,,,
2019-03-22,,,
2019-03-25,-0.016859153285622597,,
2019-03-26,-0.016859153285622597,,
2019-03-27,-0.016859153285622597,,
2019-03-28,-0.016859153285622597,,
2019-03-29,,,
2019-04-01,,,
2019-04-02,,,
2019-04-03,,,
2019-04-04,,,
2019-04-05,,,
2019-04-08,,,
2019-04-09,,,
2019-04-10,-0.01867576874792576,,
2019-04-11,-0.01867576874792576,,
2019-04-12,-0.01373608410358429,-0.01373608410358429,
2019-04-15,-0.01373608410358429,-0.01373608410358429,
2019-04-16,-0.0008917972445487976,-0.0008917972445487976,
2019-04-17,-0.0008917972445487976,-0.0008917972445487976,
2019-04-18,-0.0008917972445487976,-0.0008917972445487976,
2019-04-19,-0.0008917972445487976,-0.0008917972445487976,
2019-04-22,,,
2019-04-23,,,
2019-04-24,,,
2019-04-25,,,
2019-04-26,-0.015500078909099102,,
2019-04-29,-0.015500078909099102,,
2019-04-30,-0.015500078909099102,,
2019-05-01,-0.015500078909099102,,
2019-05-02,,,
2019-05-03,,,
2019-05-06,,,
2019-05-07,,,
2019-05-08,,,
2019-05-09,,-0.0112543273717165,
2019-05-10,,-0.011259030550718307,
2019-05-13,,-0.011259030550718307,
2019-05-14,,-0.011259030550718307,
2019-05-15,,-0.011259030550718307,
2019-05-16,,,
2019-05-17,,,
2019-05-20,,,
2019-05-21,,,
2019-05-22,,,
2019-05-23,,,
2019-05-24,,,
2019-05-27,,,
2019-05-28,,,
2019-05-29,,,
2019-05-30,,,
2019-05-31,,,
2019-06-03,-0.007831335067749023,,
2019-06-04,-0.014292065054178238,,
2019-06-05,-0.014292065054178238,,
2019-06-06,-0.014292065054178238,,
2019-06-07,-0.014292065054178238,,
2019-06-10,,,
2019-06-11,,,
2019-06-12,,,
2019-06-13,,,
2019-06-14,,,
2019-06-17,,,
2019-06-18,,,
2019-06-19,,,
2019-06-20,,,
2019-06-21,,,
2019-06-24,,,
2019-06-25,,,
2019-06-26,,,
2019-06-27,,,
2019-06-28,,,
2019-07-01,-0.017290374264121056,,
2019-07-02,-0.017290374264121056,,
2019-07-03,-0.017290374264121056,,
2019-07-04,-0.017290374264121056,,
2019-07-05,,,
2019-07-08,,,
2019-07-09,,,
2019-07-10,,,
2019-07-11,,,
2019-07-12,,,
2019-07-15,,,
2019-07-16,,,
2019-07-17,,,
2019-07-18,-0.0032372213900089264,,
2019-07-19,-0.0032372213900089264,,
2019-07-22,-0.0032372213900089264,,
2019-07-23,-0.0032372213900089264,,
2019-07-24,,,
2019-07-25,,,
2019-07-26,,,
2019-07-29,,,
2019-07-30,,,
2019-07-31,,,
2019-08-01,,,
2019-08-02,-0.013638285920023918,,
2019-08-05,-0.013638285920023918,,
2019-08-06,-0.013638285920023918,,
2019-08-07,-0.013638285920023918,,
2019-08-08,,,
2019-08-09,,,
2019-08-12,,,
2019-08-13,,,
2019-08-14,,,
2019-08-15,,,
2019-08-16,-0.009002454578876495,,
2019-08-19,-0.009002454578876495,,
2019-08-20,-0.009002454578876495,,
2019-08-21,-0.009002454578876495,,
2019-08-22,,,
2019-08-23,,,
2019-08-26,,,
2019-08-27,,,
2019-08-28,,,
2019-08-29,,,
2019-08-30,,,
2019-09-02,,,
2019-09-03,,,
2019-09-04,,,
2019-09-05,,,
2019-09-06,,,
2019-09-09,,,
2019-09-10,,,
2019-09-11,,,
2019-09-12,,,
2019-09-13,,,
2019-09-16,,,
2019-09-17,,,
2019-09-18,,,
2019-09-19,-0.004329867660999298,,
2019-09-20,-0.004329867660999298,,
2019-09-23,-0.004329867660999298,,
2019-09-24,-0.004329867660999298,,
2019-09-25,,,
2019-09-26,,,
2019-09-27,-0.013529576361179352,,
2019-09-30,-0.013529576361179352,,
2019-10-01,-0.016867615282535553,,
2019-10-02,-0.016867615282535553,,
2019-10-03,-0.016867615282535553,,
2019-10-04,-0.016867615282535553,,
2019-10-07,,,
2019-10-08,,,
2019-10-09,,,
2019-10-10,,,
2019-10-11,,,
2019-10-14,,,
2019-10-15,,,
2019-10-16,,,
2019-10-17,,,
2019-10-18,,,
2019-10-21,,,
2019-10-22,,,
2019-10-23,-0.008253183215856552,,
2019-10-24,-0.008253183215856552,,
2019-10-25,-0.008253183215856552,,
2019-10-28,-0.008253183215856552,,
2019-10-29,,,
2019-10-30,,,
2019-10-31,,,
2019-11-01,-0.014291409403085709,,
2019-11-04,-0.014291409403085709,,
2019-11-05,-0.014291409403085709,,
2019-11-06,-0.014291409403085709,,
2019-11-07,,,
2019-11-08,,,
2019-11-11,,,
2019-11-12,,,
2019-11-13,,,
2019-11-14,,,
2019-11-15,,,
2019-11-18,,,
2019-11-19,,,
2019-11-20,,,
2019-11-21,,,
2019-11-22,,,
2019-11-25,,,
2019-11-26,,,
2019-11-27,,,
2019-11-28,,,
2019-11-29,,,
2019-12-02,-0.011949567124247551,,
2019-12-03,-0.011949567124247551,,
2019-12-04,-0.011949567124247551,,
2019-12-05,-0.0034764762967824936,,
2019-12-06,-0.0034764762967824936,,
2019-12-09,-0.0034764762967824936,,
2019-12-10,-0.01456918939948082,-0.01456918939948082,
2019-12-11,-0.01456918939948082,-0.01456918939948082,
2019-12-12,-0.01456918939948082,-0.01456918939948082,
2019-12-13,-0.01456918939948082,-0.01456918939948082,
2019-12-16,,,
2019-12-17,,,
2019-12-18,,,
2019-12-19,,,
2019-12-20,,,
2019-12-23,,,
2019-12-24,,,
2019-12-25,,,
2019-12-26,,,
2019-12-27,,,
2019-12-30,,,
2019-12-31,,,
2020-01-01,,,
2020-01-02,,,
2020-01-03,-0.012681601569056511,,
2020-01-06,-0.012681601569056511,,
2020-01-07,-0.012681601569056511,,
2020-01-08,-0.012681601569056511,,
2020-01-09,,,
2020-01-10,,,
2020-01-13,,,
2020-01-14,,,
2020-01-15,,,
2020-01-16,,,
2020-01-17,,,
2020-01-20,,,
2020-01-21,,,
2020-01-22,,,
2020-01-23,,,
2020-01-24,,,
2020-01-27,,,
2020-01-28,,,
2020-01-29,-0.008265407755970955,,
2020-01-30,-0.008265407755970955,,
2020-01-31,-0.013002092018723488,,
2020-02-03,-0.013002092018723488,-0.014261040836572647,
2020-02-04,-0.013002092018723488,-0.014261040836572647,
2020-02-05,-0.013002092018723488,-0.014261040836572647,
2020-02-06,,-0.014261040836572647,
2020-02-07,,,
2020-02-10,,,
2020-02-11,,,
2020-02-12,,,
2020-02-13,,,
2020-02-14,,,
2020-02-17,,,
2020-02-18,,,
2020-02-19,,,
2020-02-20,,,
2020-02-21,,,
2020-02-24,,,
2020-02-25,,,
2020-02-26,-0.008573180064558983,,
2020-02-27,-0.008573180064558983,,
2020-02-28,-0.008573180064558983,,
2020-03-02,-0.008573180064558983,,
2020-03-03,-0.012394247576594353,,
2020-03-04,-0.012394247576594353,,
2020-03-05,-0.012394247576594353,,
2020-03-06,-0.012394247576594353,,
2020-03-09,,,
2020-03-10,,,
2020-03-11,,,
2020-03-12,,,
2020-03-13,-0.003879908472299576,,
2020-03-16,-0.003879908472299576,,
2020-03-17,-0.003879908472299576,,
2020-03-18,-0.003879908472299576,,
2020-03-19,-0.010234374552965164,,
2020-03-20,-0.010234374552965164,,
2020-03-23,-0.010234374552965164,,
2020-03-24,-0.013052642345428467,-0.013052642345428467,
2020-03-25,-0.013052642345428467,-0.013052642345428467,
2020-03-26,-0.013052642345428467,-0.013052642345428467,
2020-03-27,-0.013052642345428467,-0.013052642345428467,
2020-03-30,,,
2020-03-31,-0.0026055388152599335,,
2020-04-01,-0.0026055388152599335,,
2020-04-02,-0.0026055388152599335,,
2020-04-03,-0.0026055388152599335,,
2020-04-06,,,
2020-04-07,-0.011242061853408813,,
2020-04-08,-0.011242061853408813,,
2020-04-09,-0.011242061853408813,,
2020-04-10,-0.011242061853408813,,
2020-04-13,,,
2020-04-14,,,
2020-04-15,-0.012772347778081894,,
2020-04-16,-0.012772347778081894,,
2020-04-17,-0.012772347778081894,,
2020-04-20,-0.012772347778081894,,
2020-04-21,,,
2020-04-22,,,
2020-04-23,,,
2020-04-24,,,
2020-04-27,,,
2020-04-28,,,
2020-04-29,-0.002789923921227455,,
2020-04-30,-0.002921462059020996,,
2020-05-01,-0.0117183489104112,,
2020-05-04,-0.0117183489104112,,
2020-05-05,-0.0117183489104112,,
2020-05-06,-0.0117183489104112,,
2020-05-07,,,
2020-05-08,,,
2020-05-11,,,
2020-05-12,-0.014731848612427711,,
2020-05-13,-0.014731848612427711,,
2020-05-14,-0.009836921468377113,,
2020-05-15,-0.009836921468377113,,
2020-05-18,-0.009836921468377113,,
2020-05-19,-0.009836921468377113,,
2020-05-20,,,
2020-05-21,,,
2020-05-22,,,
2020-05-25,,,
2020-05-26,,,
2020-05-27,,,
2020-05-28,,,
2020-05-29,-0.012249963358044624,,
2020-06-01,-0.004900921136140823,,
2020-06-02,-0.011391595005989075,,
2020-06-03,-0.011391595005989075,,
2020-06-04,-0.011391595005989075,,
2020-06-05,-0.011391595005989075,,
2020-06-08,,,
2020-06-09,,,
2020-06-10,,,
2020-06-11,,,
2020-06-12,,,
2020-06-15,,,
2020-06-16,,,
2020-06-17,,,
2020-06-18,,,
2020-06-19,,,
2020-06-22,,,
2020-06-23,,,
2020-06-24,,,
2020-06-25,,,
2020-06-26,-0.007072371430695057,,
2020-06-29,-0.007072371430695057,,
2020-06-30,-0.007072371430695057,,
2020-07-01,-0.005279727280139923,,
2020-07-02,-0.018457354977726936,,
2020-07-03,-0.018457354977726936,,
2020-07-06,-0.018457354977726936,,
2020-07-07,-0.004861462861299515,,
2020-07-08,-0.004861462861299515,,
2020-07-09,-0.004861462861299515,,
2020-07-10,-0.004861462861299515,,
2020-07-13,,,
2020-07-14,,,
2020-07-15,,,
2020-07-16,,,
2020-07-17,,,
2020-07-20,-0.011428486555814743,-0.011428486555814743,
2020-07-21,-0.011428486555814743,-0.011428486555814743,
2020-07-22,-0.002810681238770485,-0.011428486555814743,
2020-07-23,-0.002810681238770485,-0.011428486555814743,
2020-07-24,-0.002810681238770485,,
2020-07-27,-0.002810681238770485,,
2020-07-28,-0.018266573548316956,,
2020-07-29,-0.018266573548316956,,
2020-07-30,-0.018266573548316956,,
2020-07-31,-0.015199281896154085,,
2020-08-03,-0.004795905202627182,,
2020-08-04,-0.004795905202627182,,
2020-08-05,-0.004795905202627182,,
2020-08-06,-0.004795905202627182,,
2020-08-07,,,
2020-08-10,,,
2020-08-11,,,
2020-08-12,,,
2020-08-13,-0.015904461964964867,,
2020-08-14,-0.015904461964964867,,
2020-08-17,-0.015904461964964867,,
2020-08-18,-0.015904461964964867,,
2020-08-19,,,
2020-08-20,,,
2020-08-21,,,
2020-08-24,,,
2020-08-25,,,
2020-08-26,,,
2020-08-27,,,
2020-08-28,,,
2020-08-31,,,
2020-09-01,,,
2020-09-02,,,
2020-09-03,,,
2020-09-04,,,
2020-09-07,,,
2020-09-08,,,
2020-09-09,-0.01375507190823555,,
2020-09-10,-0.01375507190823555,,
2020-09-11,-0.01375507190823555,,
2020-09-14,-0.01375507190823555,,
2020-09-15,,,
2020-09-16,,,
2020-09-17,,,
2020-09-18,,,
2020-09-21,-0.00749259814620018,,
2020-09-22,-0.00749259814620018,,
2020-09-23,-0.00749259814620018,,
2020-09-24,-0.011184487491846085,-0.011184487491846085,
2020-09-25,-0.011184487491846085,-0.011184487491846085,
2020-09-28,-0.011184487491846085,-0.011184487491846085,
2020-09-29,-0.011184487491846085,-0.011184487491846085,
2020-09-30,,,
2020-10-01,-0.018653718754649162,,
2020-10-02,-0.010868329554796219,,
2020-10-05,-0.011650536209344864,,
2020-10-06,-0.011650536209344864,,
2020-10-07,-0.011650536209344864,,
2020-10-08,-0.011650536209344864,,
2020-10-09,,,
2020-10-12,,,
2020-10-13,,,
2020-10-14,,,
2020-10-15,,,
2020-10-16,,,
2020-10-19,,,
2020-10-20,,,
2020-10-21,,,
2020-10-22,,,
2020-10-23,,,
2020-10-26,,,
2020-10-27,-0.0025788098573684692,,
2020-10-28,-0.0025788098573684692,,
2020-10-29,-0.0025788098573684692,,
2020-10-30,-0.015126070007681847,,
2020-11-02,-0.015126070007681847,,
2020-11-03,-0.015126070007681847,,
2020-11-04,-0.015126070007681847,,
2020-11-05,,,
2020-11-06,,,
2020-11-09,,,
2020-11-10,,,
2020-11-11,,,
2020-11-12,,,
2020-11-13,,,
2020-11-16,,,
2020-11-17,,,
2020-11-18,,,
2020-11-19,,,
2020-11-20,,,
2020-11-23,,,
2020-11-24,,,
2020-11-25,,,
2020-11-26,,,
2020-11-27,,,
2020-11-30,-0.01843416318297386,,
2020-12-01,-0.01843416318297386,,
2020-12-02,-0.01843416318297386,,
2020-12-03,-0.011152798309922218,,
2020-12-04,-0.0035788360983133316,,
2020-12-07,-0.0035788360983133316,,
2020-12-08,-0.0035788360983133316,,
2020-12-09,-0.0035788360983133316,,
2020-12-10,,,
2020-12-11,,,
2020-12-14,,,
2020-12-15,,,
2020-12-16,,,
2020-12-17,,,
2020-12-18,,,
2020-12-21,,,
2020-12-22,,,
2020-12-23,,,
2020-12-24,,,
2020-12-25,,,
2020-12-28,,,
2020-12-29,,,
2020-12-30,-0.018043113872408867,,
2020-12-31,-0.018043113872408867,,
2021-01-01,-0.018043113872408867,,
2021-01-04,-0.018043113872408867,,
2021-01-05,,,
2021-01-06,-0.015827618539333344,,
2021-01-07,-0.015827618539333344,,
2021-01-08,-0.015827618539333344,,
2021-01-11,-0.015827618539333344,,
2021-01-12,,,
2021-01-13,,,
2021-01-14,,,
2021-01-15,,,
2021-01-18,,,
2021-01-19,,,
2021-01-20,,,
2021-01-21,,,
2021-01-22,,,
2021-01-25,,,
2021-01-26,-0.0024536773562431335,,
2021-01-27,-0.0024536773562431335,,
2021-01-28,-0.0024536773562431335,,
2021-01-29,-0.01190275140106678,,
2021-02-01,-0.011965615674853325,,
2021-02-02,-0.017828017473220825,,
2021-02-03,-0.017828017473220825,,
2021-02-04,-0.017828017473220825,,
2021-02-05,-0.017828017473220825,,
2021-02-08,,,
2021-02-09,,,
2021-02-10,,,
2021-02-11,,,
2021-02-12,,,
2021-02-15,,,
2021-02-16,-0.003871249035000801,,
2021-02-17,-0.003871249035000801,,
2021-02-18,-0.003871249035000801,,
2021-02-19,-0.003871249035000801,,
2021-02-22,,,
2021-02-23,,,
2021-02-24,,,
2021-02-25,,,
2021-02-26,,,
2021-03-01,-0.014219429343938828,,
2021-03-02,-0.007126551121473312,,
2021-03-03,-0.007126551121473312,,
2021-03-04,-0.007126551121473312,,
2021-03-05,-0.007126551121473312,,
2021-03-08,,,
2021-03-09,,,
2021-03-10,,,
2021-03-11,,,
2021-03-12,,,
2021-03-15,,,
2021-03-16,,,
2021-03-17,-0.008757628500461578,,
2021-03-18,-0.008757628500461578,,
2021-03-19,-0.008757628500461578,,
2021-03-22,-0.008757628500461578,,
2021-03-23,,,
2021-03-24,,,
2021-03-25,,,
2021-03-26,,,
2021-03-29,,,
2021-03-30,,,
2021-03-31,-0.012892525643110275,,
2021-04-01,-0.012892525643110275,,
2021-04-02,-0.012892525643110275,,
2021-04-05,-0.012892525643110275,,
2021-04-06,,,
2021-04-07,,,
2021-04-08,,,
2021-04-09,,,
2021-04-12,-0.007203210145235062,,
2021-04-13,-0.007203210145235062,,
2021-04-14,-0.007203210145235062,,
2021-04-15,-0.007203210145235062,,
2021-04-16,,,
2021-04-19,,,
2021-04-20,,,
2021-04-21,,,
2021-04-22,,,
2021-04-23,,,
2021-04-26,,,
2021-04-27,-0.0021488964557647705,,
2021-04-28,-0.0021488964557647705,,
2021-04-29,-0.0021488964557647705,,
2021-04-30,-0.012173273600637913,,
2021-05-03,-0.012173273600637913,,
2021-05-04,-0.012173273600637913,,
2021-05-05,-0.012173273600637913,,
2021-05-06,,,
2021-05-07,,,
2021-05-10,,,
2021-05-11,,,
2021-05-12,,,
2021-05-13,,,
2021-05-14,,,
2021-05-17,,,
2021-05-18,,,
2021-05-19,,,
2021-05-20,-0.004426095634698868,,
2021-05-21,-0.004426095634698868,,
2021-05-24,-0.004426095634698868,,
2021-05-25,-0.004426095634698868,,
2021-05-26,,,
2021-05-27,,,
2021-05-28,-0.011238230392336845,,
2021-05-31,-0.011238230392336845,,
2021-06-01,-0.011238230392336845,,
2021-06-02,-0.013318156823515892,,
2021-06-03,-0.013318156823515892,,
2021-06-04,-0.013318156823515892,,
2021-06-07,-0.013318156823515892,,
2021-06-08,,,
2021-06-09,,,
2021-06-10,,,
2021-06-11,,,
2021-06-14,,,
2021-06-15,,,
2021-06-16,,,
2021-06-17,-0.0031937453895807266,,
2021-06-18,-0.0031937453895807266,,
2021-06-21,-0.012774797156453133,,
2021-06-22,-0.012774797156453133,,
2021-06-23,-0.012774797156453133,,
2021-06-24,-0.012774797156453133,,
2021-06-25,,,
2021-06-28,,,
2021-06-29,,,
2021-06-30,-0.013301681727170944,,
2021-07-01,-0.013301681727170944,,
2021-07-02,-0.013301681727170944,,
2021-07-05,-0.013301681727170944,,
2021-07-06,,,
2021-07-07,,,
2021-07-08,-0.0032981187105178833,,
2021-07-09,-0.0032981187105178833,,
2021-07-12,-0.0032981187105178833,,
2021-07-13,-0.0032981187105178833,,
2021-07-14,,,
2021-07-15,,,
2021-07-16,,,
2021-07-19,,,
2021-07-20,,,
2021-07-21,,,
2021-07-22,-0.013703413307666779,,
2021-07-23,-0.013703413307666779,,
2021-07-26,-0.013703413307666779,,
2021-07-27,-0.005324093624949455,,
2021-07-28,-0.005324093624949455,,
2021-07-29,-0.005324093624949455,,
2021-07-30,-0.012053395621478558,,
2021-08-02,-0.010856008157134056,,
2021-08-03,-0.010856008157134056,,
2021-08-04,-0.010856008157134056,,
2021-08-05,-0.010856008157134056,,
2021-08-06,,,
2021-08-09,,,
2021-08-10,,,
2021-08-11,,,
2021-08-12,,,
2021-08-13,,,
2021-08-16,,,
2021-08-17,,,
2021-08-18,,,
2021-08-19,,,
2021-08-20,,,
2021-08-23,,,
2021-08-24,,,
2021-08-25,,,
2021-08-26,,,
2021-08-27,,,
2021-08-30,,,
2021-08-31,,,
2021-09-01,,,
2021-09-02,,,
2021-09-03,,,
2021-09-06,,,
2021-09-07,,,
2021-09-08,,,
2021-09-09,,,
2021-09-10,,,
2021-09-13,,,
2021-09-14,,,
2021-09-15,,,
2021-09-16,,,
2021-09-17,,,
2021-09-20,,,
2021-09-21,,,
2021-09-22,,,
2021-09-23,,,
2021-09-24,,,
2021-09-27,,,
2021-09-28,,,
2021-09-29,,,
2021-09-30,-0.013146590441465378,,
2021-10-01,-0.013146590441465378,,
2021-10-04,-0.01574772223830223,,
2021-10-05,-0.01574772223830223,,
2021-10-06,-0.01574772223830223,,
2021-10-07,-0.01574772223830223,,
2021-10-08,,,
2021-10-11,,,
2021-10-12,-0.015863047912716866,,
2021-10-13,-0.015863047912716866,,
2021-10-14,-0.015863047912716866,,
2021-10-15,-0.015863047912716866,,
2021-10-18,,,
2021-10-19,,,
2021-10-20,,,
2021-10-21,,,
2021-10-22,,,
2021-10-25,,,
2021-10-26,-0.0011758729815483093,,
2021-10-27,-0.0011758729815483093,,
2021-10-28,-0.0011758729815483093,,
2021-10-29,-0.01353419292718172,,
2021-11-01,-0.01353419292718172,,
2021-11-02,-0.01353419292718172,,
2021-11-03,-0.01353419292718172,,
2021-11-04,,,
2021-11-05,,,
2021-11-08,,,
2021-11-09,,,
2021-11-10,,,
2021-11-11,,,
2021-11-12,,,
2021-11-15,,,
2021-11-16,,,
2021-11-17,-0.014991939067840576,,
2021-11-18,-0.014991939067840576,,
2021-11-19,-0.014991939067840576,,
2021-11-22,-0.014991939067840576,,
2021-11-23,,,
2021-11-24,,,
2021-11-25,,,
2021-11-26,,,
2021-11-29,,,
2021-11-30,-0.004114031791687012,,
2021-12-01,-0.004114031791687012,,
2021-12-02,-0.004114031791687012,,
2021-12-03,-0.004114031791687012,,
2021-12-06,,,
2021-12-07,,,
2021-12-08,,,
2021-12-09,,,
2021-12-10,,,
2021-12-13,,,
2021-12-14,,,
2021-12-15,,,
2021-12-16,,,
2021-12-17,-0.015571460127830505,,
2021-12-20,-0.015571460127830505,,
2021-12-21,-0.015571460127830505,,
2021-12-22,-0.015571460127830505,,
2021-12-23,,,
2021-12-24,,,
2021-12-27,,,
2021-12-28,,,
2021-12-29,,,
2021-12-30,-0.014594120904803276,,
2021-12-31,-0.014594120904803276,,
2022-01-03,-0.014594120904803276,,
2022-01-04,-0.014594120904803276,,
2022-01-05,,,
2022-01-06,,,
2022-01-07,,,
2022-01-10,,,
2022-01-11,,,
2022-01-12,,,
2022-01-13,,,
2022-01-14,,,
2022-01-17,,,
2022-01-18,-0.004665087908506393,,
2022-01-19,-0.004665087908506393,,
2022-01-20,-0.004665087908506393,,
2022-01-21,-0.004665087908506393,,
2022-01-24,,,
2022-01-25,-0.004063822329044342,,
2022-01-26,-0.004063822329044342,,
2022-01-27,-0.004063822329044342,,
2022-01-28,-0.012004491873085499,,
2022-01-31,-0.011553148739039898,,
2022-02-01,-0.010476795956492424,,
2022-02-02,-0.010476795956492424,,
2022-02-03,-0.010476795956492424,,
2022-02-04,-0.010476795956492424,,
2022-02-07,,,
2022-02-08,,,
2022-02-09,,,
2022-02-10,,,
2022-02-11,,,
2022-02-14,,,
2022-02-15,,,
2022-02-16,,,
2022-02-17,,,
2022-02-18,,,
2022-02-21,,,
2022-02-22,,,
2022-02-23,,,
2022-02-24,,,
2022-02-25,,,
2022-02-28,,,-0.010932344943284988
2022-03-01,,,-0.010932344943284988
2022-03-02,,,-0.010932344943284988
2022-03-03,-0.010204872116446495,,-0.010932344943284988
2022-03-04,-0.010204872116446495,,
2022-03-07,-0.010204872116446495,,
2022-03-08,-0.010204872116446495,,
2022-03-09,,,
2022-03-10,,,
2022-03-11,,,
2022-03-14,,,
2022-03-15,,,
2022-03-16,,,
2022-03-17,,,
2022-03-18,,,
2022-03-21,,,
2022-03-22,-0.010663202032446861,,
2022-03-23,-0.010663202032446861,,
2022-03-24,-0.010663202032446861,,
2022-03-25,-0.010663202032446861,,
2022-03-28,,,
2022-03-29,,,
2022-03-30,,,
2022-03-31,,,
2022-04-01,,,
2022-04-04,-0.010126613080501556,,
2022-04-05,-0.010126613080501556,,
2022-04-06,-0.010126613080501556,,
2022-04-07,-0.010126613080501556,,
2022-04-08,,,
2022-04-11,,,
2022-04-12,,,
2022-04-13,,,
2022-04-14,,,
2022-04-15,,,
2022-04-18,,,
2022-04-19,,,
2022-04-20,,,
2022-04-21,,,
2022-04-22,,,
2022-04-25,,,
2022-04-26,-0.003682399168610573,,
2022-04-27,-0.003682399168610573,,
2022-04-28,-0.003682399168610573,,
2022-04-29,-0.01148343738168478,,
2022-05-02,-0.01148343738168478,,
2022-05-03,-0.01148343738168478,,
2022-05-04,-0.01148343738168478,,
2022-05-05,,,
2022-05-06,,,
2022-05-09,,,
2022-05-10,,,
2022-05-11,,,
2022-05-12,,,
2022-05-13,,,
2022-05-16,,,
2022-05-17,,,
2022-05-18,,,
2022-05-19,,,
2022-05-20,,,
2022-05-23,,,
2022-05-24,,,
2022-05-25,,,
2022-05-26,,,
2022-05-27,-0.010646181181073189,,
2022-05-30,-0.010646181181073189,,
2022-05-31,-0.010805554687976837,-0.010805554687976837,-0.010805554687976837
2022-06-01,-0.010809041559696198,-0.010805554687976837,-0.010805554687976837
2022-06-02,-0.0034617502242326736,-0.010805554687976837,-0.010805554687976837
2022-06-03,-0.0034617502242326736,-0.010805554687976837,-0.010805554687976837
2022-06-06,-0.0034617502242326736,,
2022-06-07,-0.0034617502242326736,,
2022-06-08,,,
2022-06-09,,,
2022-06-10,,,
2022-06-13,,,-0.011574620380997658
2022-06-14,,,-0.011574620380997658
2022-06-15,,,-0.011574620380997658
2022-06-16,,,-0.011574620380997658
2022-06-17,-0.010852230712771416,,
2022-06-20,-0.010852230712771416,,
2022-06-21,-0.010852230712771416,,
2022-06-22,-0.010852230712771416,,
2022-06-23,,,
2022-06-24,,,
2022-06-27,,,
2022-06-28,,,
2022-06-29,,,
2022-06-30,,,
2022-07-01,-0.010386912152171135,,
2022-07-04,-0.010386912152171135,,
2022-07-05,-0.010386912152171135,,
2022-07-06,-0.010386912152171135,,
2022-07-07,,,
2022-07-08,,,
2022-07-11,,,
2022-07-12,,,
2022-07-13,,,
2022-07-14,,,
2022-07-15,,,
2022-07-18,,,
2022-07-19,,,
2022-07-20,,,
2022-07-21,,,
2022-07-22,,,
2022-07-25,,,
2022-07-26,-0.0037581995129585266,,
2022-07-27,-0.0037581995129585266,,
2022-07-28,-0.0037581995129585266,,
2022-07-29,-0.010966300033032894,,
2022-08-01,-0.012918982654809952,,
2022-08-02,-0.012918982654809952,,
2022-08-03,-0.012918982654809952,,
2022-08-04,-0.012918982654809952,,
2022-08-05,,,
2022-08-08,,,
2022-08-09,,,
2022-08-10,,,
2022-08-11,,,
2022-08-12,,,
2022-08-15,,,
2022-08-16,,,
2022-08-17,,,
2022-08-18,,,
2022-08-19,,,
2022-08-22,,,
2022-08-23,,,
2022-08-24,,,
2022-08-25,,,
2022-08-26,,,
2022-08-29,,,
2022-08-30,,,
2022-08-31,,,
2022-09-01,,,
2022-09-02,,,
2022-09-05,,,
2022-09-06,,,
2022-09-07,,,
2022-09-08,,,
2022-09-09,,,
2022-09-12,,,
2022-09-13,,,
2022-09-14,,,
2022-09-15,,,
2022-09-16,,,
2022-09-19,,,
2022-09-20,,,
2022-09-21,,,
2022-09-22,,,
2022-09-23,,,
2022-09-26,,,
2022-09-27,,,
2022-09-28,,,
2022-09-29,,,
2022-09-30,,,
2022-10-03,,,
2022-10-04,-0.010399866849184036,,
2022-10-05,-0.010399866849184036,,
2022-10-06,-0.010399866849184036,,
2022-10-07,-0.010399866849184036,,
2022-10-10,,,
2022-10-11,,,
2022-10-12,,,
2022-10-13,,,
2022-10-14,,,
2022-10-17,,,
2022-10-18,,,
2022-10-19,,,
2022-10-20,,,
2022-10-21,,,
2022-10-24,,,
2022-10-25,-0.004239711910486221,,
2022-10-26,-0.004239711910486221,,
2022-10-27,-0.004239711910486221,,
2022-10-28,-0.012088383547961712,,
2022-10-31,-0.013316603377461433,,
2022-11-01,-0.013316603377461433,,
2022-11-02,-0.013316603377461433,,
2022-11-03,-0.013316603377461433,,
2022-11-04,,,
2022-11-07,,,
2022-11-08,,,
2022-11-09,,,
2022-11-10,,,
2022-11-11,,,
2022-11-14,,,
2022-11-15,,,
2022-11-16,,,
2022-11-17,,,
2022-11-18,-0.0116366446018219,,
2022-11-21,-0.0116366446018219,,
2022-11-22,-0.0116366446018219,,
2022-11-23,-0.0116366446018219,,
2022-11-24,,,
2022-11-25,,,
2022-11-28,,,
2022-11-29,,,
2022-11-30,,,
2022-12-01,,,
2022-12-02,-0.011321945115923882,,
2022-12-05,-0.011321945115923882,,
2022-12-06,-0.011321945115923882,,
2022-12-07,-0.011321945115923882,,
2022-12-08,-0.011321945115923882,,-0.011273682117462158
2022-12-09,,,-0.011273682117462158
2022-12-12,,,-0.011273682117462158
2022-12-13,,,-0.011273682117462158
2022-12-14,,,
2022-12-15,,,
2022-12-16,-0.0026984643191099167,,
2022-12-19,-0.0026984643191099167,,
2022-12-20,-0.0026984643191099167,,
2022-12-21,-0.0026984643191099167,,
2022-12-22,,,
2022-12-23,-0.014606449753046036,,
2022-12-26,-0.014606449753046036,,
2022-12-27,-0.014606449753046036,,
2022-12-28,-0.014606449753046036,,
2022-12-29,,,
2022-12-30,,,
2023-01-02,,,
2023-01-03,,,
2023-01-04,-0.010208889842033386,,
2023-01-05,-0.010208889842033386,,
2023-01-06,-0.010208889842033386,,
2023-01-09,-0.010208889842033386,,
2023-01-10,,,
2023-01-11,,,
2023-01-12,,,
2023-01-13,,,
2023-01-16,,,
2023-01-17,,,
2023-01-18,-0.004298115149140358,,
2023-01-19,-0.004298115149140358,,
2023-01-20,-0.004298115149140358,,
2023-01-23,-0.004298115149140358,,
2023-01-24,-0.004103915765881538,,
2023-01-25,-0.004103915765881538,,
2023-01-26,-0.0123825091868639,,
2023-01-27,-0.012455170974135399,,
2023-01-30,-0.012455170974135399,,
2023-01-31,-0.010611196979880333,,
2023-02-01,-0.010611196979880333,,
2023-02-02,-0.010611196979880333,,
2023-02-03,-0.010611196979880333,,
2023-02-06,,,
2023-02-07,,,
2023-02-08,,,
2023-02-09,,,
2023-02-10,,,
2023-02-13,,,
2023-02-14,,,
2023-02-15,,,
2023-02-16,,,
2023-02-17,,,
2023-02-20,,,
2023-02-21,,,
2023-02-22,,,
2023-02-23,,,
2023-02-24,-0.011447865515947342,,
2023-02-27,-0.011447865515947342,,
2023-02-28,-0.011447865515947342,,
2023-03-01,-0.011447865515947342,,
2023-03-02,,,
2023-03-03,,,
2023-03-06,,,
2023-03-07,,,
2023-03-08,,,
2023-03-09,,,
2023-03-10,,,
2023-03-13,,,
2023-03-14,,,
2023-03-15,,,
2023-03-16,,,
2023-03-17,,,
2023-03-20,,,
2023-03-21,,,
2023-03-22,,,
2023-03-23,,,
2023-03-24,,,
2023-03-27,,,
2023-03-28,,,
2023-03-29,,,
2023-03-30,,,
2023-03-31,,,
2023-04-03,,,
2023-04-04,-0.00990355759859085,,
2023-04-05,-0.00990355759859085,,
2023-04-06,-0.00990355759859085,,
2023-04-07,-0.00990355759859085,,
2023-04-10,,,
2023-04-11,,,
2023-04-12,,,
2023-04-13,,,
2023-04-14,,,
2023-04-17,,,
2023-04-18,,,
2023-04-19,,,
2023-04-20,,,
2023-04-21,,,
2023-04-24,,,
2023-04-25,-0.0036448538303375244,,
2023-04-26,-0.0036448538303375244,,
2023-04-27,-0.0036448538303375244,,
2023-04-28,-0.011188182979822159,,
2023-05-01,-0.011188182979822159,,
2023-05-02,-0.011188182979822159,,
2023-05-03,-0.011188182979822159,,
2023-05-04,,,
2023-05-05,,,
2023-05-08,,,
2023-05-09,,,
2023-05-10,,,
2023-05-11,,,
2023-05-12,,,
2023-05-15,,,
2023-05-16,,,
2023-05-17,,,
2023-05-18,,,
2023-05-19,,,
2023-05-22,-0.01077377237379551,,
2023-05-23,-0.01077377237379551,,
2023-05-24,-0.01077377237379551,,
2023-05-25,-0.01077377237379551,,
2023-05-26,,,
2023-05-29,,,
2023-05-30,,,
2023-05-31,,,
2023-06-01,,,
2023-06-02,-0.010484885424375534,,
2023-06-05,-0.010484885424375534,,
2023-06-06,-0.010239878669381142,,
2023-06-07,-0.010239878669381142,,
2023-06-08,-0.010239878669381142,,
2023-06-09,-0.010239878669381142,,
2023-06-12,,,
2023-06-13,,,
2023-06-14,,,
2023-06-15,,,
2023-06-16,,,
2023-06-19,,,
2023-06-20,,,
2023-06-21,,,
2023-06-22,,,
2023-06-23,,,
2023-06-26,,,
2023-06-27,,,
2023-06-28,,,
2023-06-29,,,
2023-06-30,,,
2023-07-03,-0.0027565546333789825,,
2023-07-04,-0.0027565546333789825,,
2023-07-05,-0.010899119079113007,,
2023-07-06,-0.010899119079113007,,
2023-07-07,-0.010899119079113007,,
2023-07-10,-0.010899119079113007,,
2023-07-11,,,
2023-07-12,,,
2023-07-13,-0.015507116913795471,-0.015507116913795471,
2023-07-14,-0.015507116913795471,-0.015507116913795471,
2023-07-17,-0.015507116913795471,-0.015507116913795471,
2023-07-18,-0.015507116913795471,-0.015507116913795471,
2023-07-19,,,
2023-07-20,,,
2023-07-21,,,
2023-07-24,-0.01173156127333641,,
2023-07-25,-0.0028032828122377396,,
2023-07-26,-0.0028032828122377396,-0.01173156127333641,
2023-07-27,-0.0028032828122377396,-0.01173156127333641,
2023-07-28,-0.010684039443731308,-0.01173156127333641,
2023-07-31,-0.010684039443731308,-0.01173156127333641,
2023-08-01,-0.010684039443731308,,
2023-08-02,-0.010684039443731308,,
2023-08-03,,,
2023-08-04,,,
2023-08-07,-0.013037465512752533,,
2023-08-08,-0.013037465512752533,,
2023-08-09,-0.013037465512752533,,
2023-08-10,-0.013037465512752533,,
2023-08-11,,,
2023-08-14,,,
2023-08-15,,,
2023-08-16,,,
2023-08-17,,,
2023-08-18,,,
2023-08-21,,,
2023-08-22,,,
2023-08-23,,,
2023-08-24,,,
2023-08-25,,,
2023-08-28,,,
2023-08-29,,,
2023-08-30,,,
2023-08-31,,,
2023-09-01,,,
2023-09-04,,,
2023-09-05,,,
2023-09-06,,,
2023-09-07,,,
2023-09-08,,,
2023-09-11,,,
2023-09-12,,,
2023-09-13,,,
2023-09-14,,,
2023-09-15,,,
2023-09-18,,,
2023-09-19,,,
2023-09-20,,,
2023-09-21,,,
2023-09-22,,,
2023-09-25,,,
2023-09-26,,,
2023-09-27,,,
2023-09-28,,,
2023-09-29,,,
2023-10-02,,,
2023-10-03,,,
2023-10-04,-0.01074991375207901,,
2023-10-05,-0.01074991375207901,,
2023-10-06,-0.01074991375207901,,
2023-10-09,-0.01074991375207901,,
2023-10-10,,,
2023-10-11,-0.007305213715881109,-0.01846977323293686,
2023-10-12,-0.007305213715881109,-0.01846977323293686,
2023-10-13,-0.010339858010411263,-0.01846977323293686,
2023-10-16,-0.0070524923503398895,-0.01846977323293686,
2023-10-17,-0.0070524923503398895,,
2023-10-18,-0.0070524923503398895,,
2023-10-19,-0.0070524923503398895,,
2023-10-20,-0.023557132109999657,-0.023557132109999657,
2023-10-23,-0.023557132109999657,-0.011415648274123669,
2023-10-24,-0.0027843210846185684,-0.011415648274123669,
2023-10-25,-0.0027843210846185684,-0.011415648274123669,
2023-10-26,-0.0027843210846185684,-0.011415648274123669,
2023-10-27,-0.011464244686067104,,
2023-10-30,-0.008747115731239319,,
2023-10-31,-0.008747115731239319,,
2023-11-01,-0.008747115731239319,,
2023-11-02,-0.021438773721456528,,
2023-11-03,-0.021438773721456528,,
2023-11-06,-0.010085785761475563,,
2023-11-07,-0.010870497673749924,,
2023-11-08,-0.010870497673749924,,
2023-11-09,-0.010870497673749924,,
2023-11-10,-0.010870497673749924,,
2023-11-13,,,
2023-11-14,,,
2023-11-15,-0.011723393574357033,,
2023-11-16,-0.011723393574357033,,
2023-11-17,-0.011723393574357033,,
2023-11-20,-0.011723393574357033,,
2023-11-21,,,
2023-11-22,,,
2023-11-23,,,
2023-11-24,-0.011564696207642555,,
2023-11-27,-0.011564696207642555,,
2023-11-28,-0.011564696207642555,,
2023-11-29,-0.011564696207642555,,
2023-11-30,,,
2023-12-01,,,
2023-12-04,,,
2023-12-05,,,
2023-12-06,-0.013000311329960823,-0.013000311329960823,
2023-12-07,-0.013000311329960823,-0.013000311329960823,
2023-12-08,-0.0018115676939487457,-0.011403262615203857,
2023-12-11,-0.0018115676939487457,-0.011403262615203857,
2023-12-12,-0.0018115676939487457,-0.011403262615203857,
2023-12-13,-0.0018115676939487457,-0.011403262615203857,
2023-12-14,,,
2023-12-15,,,
2023-12-18,,,
2023-12-19,,,
2023-12-20,,,
2023-12-21,,,
2023-12-22,,,
2023-12-25,,,
2023-12-26,,,
2023-12-27,,,
2023-12-28,,,
2023-12-29,,,
2024-01-01,,,
2024-01-02,-0.012182274833321571,-0.012182274833321571,
2024-01-03,-0.012182274833321571,-0.012182274833321571,
2024-01-04,-0.01008206233382225,-0.012182274833321571,
2024-01-05,-0.01008206233382225,-0.012182274833321571,
2024-01-08,-0.01008206233382225,,
2024-01-09,-0.01008206233382225,,
2024-01-10,,,
2024-01-11,,,
2024-01-12,,,
2024-01-15,,,
2024-01-16,,,
2024-01-17,,,
2024-01-18,,,
2024-01-19,-0.003766074776649475,,
2024-01-22,-0.003766074776649475,,
2024-01-23,-0.003766074776649475,,
2024-01-24,-0.003766074776649475,,
2024-01-25,,,
2024-01-26,,,
2024-01-29,,,
2024-01-30,-0.0033169016242027283,,
2024-01-31,-0.0033169016242027283,,
2024-02-01,-0.0033169016242027283,,
2024-02-02,-0.011489217480023703,,
2024-02-05,-0.011489217480023703,,
2024-02-06,-0.011489217480023703,,
2024-02-07,-0.011489217480023703,,
2024-02-08,,,
2024-02-09,,,
2024-02-12,,,
2024-02-13,,,
2024-02-14,,,
2024-02-15,,,
2024-02-16,,,
2024-02-19,,,
2024-02-20,,,
2024-02-21,,,
2024-02-22,,,
2024-02-23,,,
2024-02-26,,,
2024-02-27,,,
2024-02-28,-0.010868800804018974,,
2024-02-29,-0.010868800804018974,,
2024-03-01,-0.010868800804018974,,
2024-03-04,-0.010868800804018974,,
2024-03-05,,,
2024-03-06,,,
2024-03-07,,,
2024-03-08,-0.006583886221051216,,
2024-03-11,-0.006583886221051216,,
2024-03-12,-0.006583886221051216,,
2024-03-13,-0.006583886221051216,,
2024-03-14,,,
2024-03-15,,,
2024-03-18,,,
2024-03-19,,,
2024-03-20,,,
2024-03-21,,,
2024-03-22,,,
2024-03-25,,,
2024-03-26,,,
2024-03-27,,,
2024-03-28,,,
2024-03-29,,,
2024-04-01,,,
2024-04-02,,,
2024-04-03,-0.010026456788182259,,
2024-04-04,-0.010026456788182259,,
2024-04-05,-0.010026456788182259,,
2024-04-08,-0.010026456788182259,,
2024-04-09,,,
2024-04-10,,,
2024-04-11,,,
2024-04-12,,,
2024-04-15,,,
2024-04-16,,,
2024-04-17,,,
2024-04-18,,,
2024-04-19,,,
2024-04-22,,,
2024-04-23,,,
2024-04-24,,,
2024-04-25,-0.0016478318721055984,,
2024-04-26,-0.01107557862997055,,
2024-04-29,-0.01107557862997055,,
2024-04-30,-0.01107557862997055,,
2024-05-01,-0.01107557862997055,,
2024-05-02,,,
2024-05-03,-0.03435199148952961,,
2024-05-06,-0.03435199148952961,,
2024-05-07,-0.03435199148952961,,
2024-05-08,-0.03435199148952961,,
2024-05-09,,,
2024-05-10,-0.017189854755997658,,
2024-05-13,-0.017189854755997658,,
2024-05-14,-0.017189854755997658,,
2024-05-15,-0.017189854755997658,,
2024-05-16,,,
2024-05-17,,,
2024-05-20,,,
2024-05-21,,,
2024-05-22,,,
2024-05-23,,,
2024-05-24,,,
2024-05-27,,,
2024-05-28,,,
2024-05-29,,,
2024-05-30,,,
2024-05-31,-0.010583180002868176,,
2024-06-03,-0.010583180002868176,,
2024-06-04,-0.010583180002868176,,
2024-06-05,-0.010583180002868176,,
2024-06-06,,,
2024-06-07,,,
2024-06-10,,,
2024-06-11,,,
2024-06-12,,,
2024-06-13,,,
2024-06-14,,,
2024-06-17,,,
2024-06-18,,,
2024-06-19,,,
2024-06-20,,,
2024-06-21,,,
2024-06-24,,,
2024-06-25,,,
2024-06-26,,,
2024-06-27,,,
2024-06-28,,,
2024-07-01,,,
2024-07-02,,,
2024-07-03,,,
2024-07-04,,,
2024-07-05,,,
2024-07-08,-0.011774225160479546,,
2024-07-09,-0.011774225160479546,,
2024-07-10,-0.011774225160479546,,
2024-07-11,-0.011774225160479546,,
2024-07-12,,,
2024-07-15,,,
2024-07-16,,,
2024-07-17,,,
2024-07-18,,,
2024-07-19,,,
2024-07-22,,,
2024-07-23,,,
2024-07-24,,,
2024-07-25,,,
2024-07-26,,,
2024-07-29,,,
2024-07-30,-0.0018932763487100601,,
2024-07-31,-0.0018932763487100601,-0.010188279673457146,
2024-08-01,-0.012591293081641197,-0.010188279673457146,
2024-08-02,-0.012815606780350208,-0.009670650586485863,
2024-08-05,-0.012815606780350208,-0.009670650586485863,
2024-08-06,-0.012815606780350208,-0.009670650586485863,
2024-08-07,-0.012815606780350208,-0.009670650586485863,
2024-08-08,,,
2024-08-09,,,
2024-08-12,,,
2024-08-13,,,
2024-08-14,,,
2024-08-15,,,
2024-08-16,,,
2024-08-19,,,
2024-08-20,,,
2024-08-21,-0.004784146323800087,,
2024-08-22,-0.004784146323800087,,
2024-08-23,-0.004784146323800087,,
2024-08-26,-0.004784146323800087,,
2024-08-27,,,
2024-08-28,,,
2024-08-29,,,
2024-08-30,,,
2024-09-02,,,
2024-09-03,,,
2024-09-04,,,
2024-09-05,,,
2024-09-06,,,
2024-09-09,,,
2024-09-10,,,
2024-09-11,,,
2024-09-12,,,
2024-09-13,,,
2024-09-16,,,
2024-09-17,,,
2024-09-18,,,
2024-09-19,,,
2024-09-20,,,
2024-09-23,,,
2024-09-24,,,
2024-09-25,,,
2024-09-26,,,
2024-09-27,,,
2024-09-30,-0.010197948664426804,,
2024-10-01,-0.010197948664426804,,
2024-10-02,-0.010197948664426804,,
2024-10-03,-0.012525619938969612,,
2024-10-04,-0.012525619938969612,,
2024-10-07,-0.009691290557384491,,
2024-10-08,-0.012586856260895729,,
2024-10-09,-0.012586856260895729,,
2024-10-10,-0.012586856260895729,,
2024-10-11,-0.012586856260895729,,
2024-10-14,,,
2024-10-15,,,
2024-10-16,,,
2024-10-17,,,
2024-10-18,-0.013640027493238449,,
2024-10-21,-0.013640027493238449,,
2024-10-22,-0.013640027493238449,,
2024-10-23,-0.013640027493238449,,
2024-10-24,,,
2024-10-25,,,
2024-10-28,,,
2024-10-29,,,
2024-10-30,-0.0020045172423124313,,
2024-10-31,-0.0020045172423124313,,
2024-11-01,-0.013605003245174885,,
2024-11-04,-0.013605003245174885,,
2024-11-05,-0.013605003245174885,,
2024-11-06,-0.013605003245174885,,
2024-11-07,,,
2024-11-08,,,
2024-11-11,,,
2024-11-12,-0.013653088361024857,,
2024-11-13,-0.013653088361024857,,
2024-11-14,-0.013653088361024857,,
2024-11-15,-0.013653088361024857,,
2024-11-18,,,
2024-11-19,,,
2024-11-20,,,
2024-11-21,,,
2024-11-22,,,
2024-11-25,,,
2024-11-26,,,
2024-11-27,,,
2024-11-28,,,
2024-11-29,,,
2024-12-02,,,
2024-12-03,-0.024131860584020615,,
2024-12-04,-0.024131860584020615,,
2024-12-05,-0.024131860584020615,,
2024-12-06,-0.024131860584020615,,
2024-12-09,,,
2024-12-10,-0.013061152771115303,,
2024-12-11,-0.003076452761888504,,
2024-12-12,-0.003076452761888504,,
2024-12-13,-0.003076452761888504,,
2024-12-16,-0.003076452761888504,,
2024-12-17,,,
2024-12-18,,,
2024-12-19,,,
2024-12-20,,,
2024-12-23,,,
2024-12-24,,,
2024-12-25,,,
2024-12-26,,,
2024-12-27,,,
2024-12-30,,,
2024-12-31,,,
2025-01-01,,,
2025-01-02,,,
2025-01-03,,,
2025-01-06,,,
2025-01-07,-0.012902271002531052,,
2025-01-08,-0.012902271002531052,,
2025-01-09,-0.012902271002531052,,
2025-01-10,-0.012902271002531052,,
2025-01-13,,,
2025-01-14,,,
2025-01-15,,,
2025-01-16,,,
2025-01-17,,,
2025-01-20,,,
2025-01-21,,,
2025-01-22,-0.0034294817596673965,,
2025-01-23,-0.0034294817596673965,,
2025-01-24,-0.0034294817596673965,,
2025-01-27,-0.0034294817596673965,,
2025-01-28,,,
2025-01-29,-0.0022187381982803345,,
2025-01-30,-0.0022187381982803345,,
2025-01-31,-0.01248348131775856,,
2025-02-03,-0.01248348131775856,,
2025-02-04,-0.01248348131775856,,
2025-02-05,-0.01248348131775856,,
2025-02-06,,,
2025-02-07,,,
2025-02-10,,,
2025-02-11,,,
2025-02-12,,,
2025-02-13,,,
2025-02-14,,,
2025-02-17,,,
2025-02-18,,,
2025-02-19,,,
2025-02-20,,,
2025-02-21,,,
2025-02-24,,,
2025-02-25,,,
2025-02-26,-0.01365913636982441,,
2025-02-27,-0.01365913636982441,,
2025-02-28,-0.01365913636982441,,
2025-03-03,-0.01365913636982441,,
2025-03-04,,,
2025-03-05,,,
2025-03-06,,,
2025-03-07,,,
2025-03-10,,,
2025-03-11,,,
2025-03-12,,,
2025-03-13,,,
2025-03-14,,,
2025-03-17,-0.01290823332965374,-0.01290823332965374,
2025-03-18,-0.01290823332965374,-0.01290823332965374,
2025-03-19,-0.01290823332965374,-0.01290823332965374,
2025-03-20,-0.01290823332965374,-0.01290823332965374,
2025-03-21,,,
2025-03-24,,,
2025-03-25,,,
2025-03-26,,,
2025-03-27,,,
2025-03-28,,,
2025-03-31,,,
2025-04-01,-0.014433169737458229,,
2025-04-02,-0.014433169737458229,,
2025-04-03,-0.012798555195331573,,
2025-04-04,-0.012798555195331573,,
2025-04-07,-0.012798555195331573,,
2025-04-08,-0.012798555195331573,,
2025-04-09,,,
2025-04-10,,,
2025-04-11,,,
2025-04-14,,,
2025-04-15,,,
2025-04-16,,,
2025-04-17,,,
2025-04-18,,,
2025-04-21,,,
2025-04-22,,,
2025-04-23,,,
2025-04-24,,,
2025-04-25,,,
2025-04-28,,,
2025-04-29,,,
2025-04-30,-0.0015774443745613098,,
2025-05-01,-0.0015774443745613098,,
2025-05-02,-0.011767563410103321,,
2025-05-05,-0.011767563410103321,,
2025-05-06,-0.011767563410103321,,
2025-05-07,-0.011767563410103321,,
2025-05-08,,,
2025-05-09,,,
2025-05-12,,,
2025-05-13,,,
2025-05-14,,,
2025-05-15,,,
2025-05-16,,,
2025-05-19,,,
2025-05-20,,,
2025-05-21,,,
2025-05-22,,,
2025-05-23,,,
2025-05-26,,,
2025-05-27,,,
2025-05-28,,,
2025-05-29,,,
2025-05-30,-0.013207415118813515,,-0.009643109515309334
2025-06-02,-0.013207415118813515,,-0.009643109515309334
2025-06-03,-0.013207415118813515,,-0.009643109515309334
2025-06-04,-0.013207415118813515,,-0.009643109515309334
2025-06-05,,,
2025-06-06,,,
2025-06-09,,,
2025-06-10,,,
2025-06-11,,,
2025-06-12,,,
2025-06-13,,,
2025-06-16,,,
2025-06-17,,,
2025-06-18,,,
2025-06-19,,,
2025-06-20,,,
2025-06-23,,,
2025-06-24,,,
2025-06-25,,,
2025-06-26,,,
2025-06-27,,,
2025-06-30,,,
2025-07-01,-0.007378840819001198,,
2025-07-02,-0.007378840819001198,,
2025-07-03,-0.007378840819001198,,
2025-07-04,-0.007378840819001198,,
2025-07-07,-0.012909064069390297,,
2025-07-08,-0.012909064069390297,,
2025-07-09,-0.012909064069390297,,
2025-07-10,-0.012909064069390297,,
2025-07-11,,,
2025-07-14,,,
2025-07-15,,,
2025-07-16,,,
2025-07-17,,,
2025-07-18,-0.011188767850399017,,
2025-07-21,-0.011188767850399017,,
2025-07-22,-0.011188767850399017,,
2025-07-23,-0.011188767850399017,,
2025-07-24,,,
2025-07-25,,,
2025-07-28,,,
2025-07-29,,-0.011735653504729271,
2025-07-30,-0.0016088392585515976,-0.011735653504729271,
2025-07-31,-0.0016088392585515976,-0.011735653504729271,
2025-08-01,-0.011123843491077423,-0.011735653504729271,
2025-08-04,-0.011123843491077423,,
2025-08-05,-0.011123843491077423,,
2025-08-06,-0.011123843491077423,,
2025-08-07,,,
2025-08-08,,,
2025-08-11,,,
2025-08-12,,,
2025-08-13,-0.015284774824976921,,
2025-08-14,-0.015284774824976921,,
2025-08-15,-0.015284774824976921,,
2025-08-18,-0.015284774824976921,,
2025-08-19,,,
2025-08-20,,,
2025-08-21,,,
2025-08-22,,,
2025-08-25,,,
2025-08-26,,,
2025-08-27,,,
2025-08-28,,,
2025-08-29,,,
2025-09-01,,,
2025-09-02,,,
2025-09-03,,,
2025-09-04,,,
2025-09-05,,,
2025-09-08,,,
2025-09-09,,,
2025-09-10,,,
2025-09-11,,,
2025-09-12,,,
2025-09-15,,,
2025-09-16,,,
2025-09-17,,,
2025-09-18,,,
2025-09-19,,,
2025-09-22,,,
2025-09-23,,,
2025-09-24,,,
2025-09-25,-0.012255754321813583,-0.012255754321813583,
2025-09-26,-0.012255754321813583,-0.012255754321813583,
2025-09-29,-0.012255754321813583,-0.012255754321813583,
2025-09-30,-0.005573553964495659,-0.012255754321813583,
2025-10-01,-0.005573553964495659,,
2025-10-02,-0.005573553964495659,,
2025-10-03,-0.005573553964495659,,
2025-10-06,-0.013542871922254562,,
2025-10-07,-0.013542871922254562,,
2025-10-08,-0.013542871922254562,,
2025-10-09,-0.013542871922254562,,
2025-10-10,,,
2025-10-13,,,
2025-10-14,,,
2025-10-15,,,
2025-10-16,,,
2025-10-17,,,
2025-10-20,,,
2025-10-21,,,
2025-10-22,,,
2025-10-23,,,
2025-10-24,,,
2025-10-27,,,
2025-10-28,,,
2025-10-29,-0.006665218621492386,,
