,[Henry Hub].[Natural Gas Futures Prompt Month].[NYMEX].[USD]
AsOf,PRICE
,
3/27/2006,7.067
3/28/2006,7.214
3/29/2006,7.233
3/30/2006,7.487
3/31/2006,7.210
4/3/2006,7.244
4/4/2006,7.065
4/5/2006,7.069
4/6/2006,7.042
4/7/2006,6.743
4/10/2006,6.882
4/11/2006,6.908
4/12/2006,6.808
4/13/2006,7.135
4/17/2006,7.577
4/18/2006,8.008
4/19/2006,8.192
4/20/2006,8.064
4/21/2006,7.981
4/24/2006,7.558
4/25/2006,7.254
4/26/2006,7.198
4/27/2006,6.805
4/28/2006,6.555
5/1/2006,6.695
5/2/2006,6.746
5/3/2006,6.616
5/4/2006,6.906
5/5/2006,6.775
5/8/2006,6.691
5/9/2006,6.581
5/10/2006,6.900
5/11/2006,6.649
5/12/2006,6.280
5/15/2006,6.103
5/16/2006,6.252
5/17/2006,6.129
5/18/2006,5.997
5/19/2006,5.962
5/22/2006,6.276
5/23/2006,6.258
5/24/2006,5.964
5/25/2006,6.005
5/26/2006,5.925
5/30/2006,6.143
5/31/2006,6.384
6/1/2006,6.448
6/2/2006,6.623
6/5/2006,6.463
6/6/2006,6.385
6/7/2006,5.974
6/8/2006,6.191
6/9/2006,6.172
6/12/2006,6.224
6/13/2006,6.163
6/14/2006,6.300
6/15/2006,7.207
6/16/2006,7.185
6/19/2006,6.893
6/20/2006,6.502
6/21/2006,6.588
6/22/2006,6.439
6/23/2006,6.226
6/26/2006,5.969
6/27/2006,6.107
6/28/2006,5.887
6/29/2006,6.115
6/30/2006,6.104
7/3/2006,6.089
7/5/2006,5.765
7/6/2006,5.664
7/7/2006,5.523
7/10/2006,5.608
7/11/2006,5.633
7/12/2006,5.782
7/13/2006,6.129
7/14/2006,6.347
7/17/2006,5.783
7/18/2006,5.555
7/19/2006,5.862
7/20/2006,6.091
7/21/2006,6.139
7/24/2006,6.605
7/25/2006,6.409
7/26/2006,6.887
7/27/2006,7.042
7/28/2006,7.144
7/31/2006,8.211
8/1/2006,7.574
8/2/2006,7.799
8/3/2006,7.292
8/4/2006,7.246
8/7/2006,6.907
8/8/2006,7.158
8/9/2006,7.621
8/10/2006,7.529
8/11/2006,7.269
8/14/2006,6.913
8/15/2006,6.861
8/16/2006,6.766
8/17/2006,6.689
8/18/2006,6.731
8/21/2006,6.624
8/22/2006,7.008
8/23/2006,6.875
8/24/2006,7.079
8/25/2006,7.167
8/28/2006,6.472
8/29/2006,6.816
8/30/2006,6.340
8/31/2006,5.877
9/1/2006,5.825
9/5/2006,6.039
9/6/2006,6.009
9/7/2006,5.718
9/8/2006,5.675
9/11/2006,5.670
9/12/2006,5.574
9/13/2006,5.459
9/14/2006,4.892
9/15/2006,4.982
9/18/2006,4.942
9/19/2006,4.986
9/20/2006,4.931
9/21/2006,4.781
9/22/2006,4.627
9/25/2006,4.460
9/26/2006,4.526
9/27/2006,4.201
9/28/2006,5.392
9/29/2006,5.620
10/2/2006,5.643
10/3/2006,5.759
10/4/2006,5.995
10/5/2006,6.298
10/6/2006,6.436
10/9/2006,6.429
10/10/2006,6.466
10/11/2006,6.150
10/12/2006,5.782
10/13/2006,5.659
10/16/2006,6.444
10/17/2006,6.432
10/18/2006,6.802
10/19/2006,7.132
10/20/2006,7.241
10/23/2006,6.881
10/24/2006,7.091
10/25/2006,7.693
10/26/2006,7.497
10/27/2006,7.153
10/30/2006,7.406
10/31/2006,7.534
11/1/2006,7.712
11/2/2006,7.814
11/3/2006,7.884
11/6/2006,7.490
11/7/2006,7.755
11/8/2006,7.823
11/9/2006,7.955
11/10/2006,7.809
11/13/2006,7.894
11/14/2006,7.977
11/15/2006,8.120
11/16/2006,7.755
11/17/2006,8.179
11/20/2006,8.019
11/21/2006,7.968
11/22/2006,7.740
11/24/2006,7.698
11/27/2006,7.998
11/28/2006,8.318
11/29/2006,8.871
11/30/2006,8.854
12/1/2006,8.422
12/4/2006,7.806
12/5/2006,7.685
12/6/2006,7.727
12/7/2006,7.671
12/8/2006,7.561
12/11/2006,7.427
12/12/2006,7.430
12/13/2006,7.673
12/14/2006,7.565
12/15/2006,7.409
12/18/2006,7.060
12/19/2006,7.083
12/20/2006,6.769
12/21/2006,6.800
12/22/2006,6.635
12/26/2006,6.113
12/27/2006,5.838
12/28/2006,6.248
12/29/2006,6.299
1/3/2007,6.163
1/4/2007,6.162
1/5/2007,6.184
1/8/2007,6.388
1/9/2007,6.651
1/10/2007,6.755
1/11/2007,6.601
1/12/2007,6.601
1/16/2007,6.628
1/17/2007,6.239
1/18/2007,6.324
1/19/2007,6.886
1/22/2007,7.301
1/23/2007,7.597
1/24/2007,7.401
1/25/2007,6.905
1/26/2007,7.175
1/29/2007,6.917
1/30/2007,7.740
1/31/2007,7.667
2/1/2007,7.530
2/2/2007,7.476
2/5/2007,7.634
2/6/2007,7.616
2/7/2007,7.709
2/8/2007,7.871
2/9/2007,7.857
2/12/2007,7.226
2/13/2007,7.367
2/14/2007,7.241
2/15/2007,7.503
2/16/2007,7.515
2/20/2007,7.585
2/21/2007,7.646
2/22/2007,7.720
2/23/2007,7.755
2/26/2007,7.547
2/27/2007,7.573
2/28/2007,7.300
3/1/2007,7.288
3/2/2007,7.243
3/5/2007,7.254
3/6/2007,7.462
3/7/2007,7.381
3/8/2007,7.239
3/9/2007,7.083
3/12/2007,6.917
3/13/2007,6.892
3/14/2007,7.083
3/15/2007,6.959
3/16/2007,6.924
3/19/2007,6.847
3/20/2007,6.910
3/21/2007,7.195
3/22/2007,7.310
3/23/2007,7.269
3/26/2007,7.254
3/27/2007,7.503
3/28/2007,7.558
3/29/2007,7.609
3/30/2007,7.730
4/2/2007,7.681
4/3/2007,7.426
4/4/2007,7.515
4/5/2007,7.632
4/9/2007,7.546
4/10/2007,7.869
4/11/2007,7.855
4/12/2007,7.944
4/13/2007,7.806
4/16/2007,7.530
4/17/2007,7.418
4/18/2007,7.497
4/19/2007,7.492
4/20/2007,7.381
4/23/2007,7.562
4/24/2007,7.598
4/25/2007,7.689
4/26/2007,7.508
4/27/2007,7.831
4/30/2007,7.853
5/1/2007,7.718
5/2/2007,7.730
5/3/2007,7.947
5/4/2007,7.938
5/7/2007,7.779
5/8/2007,7.637
5/9/2007,7.720
5/10/2007,7.726
5/11/2007,7.889
5/14/2007,7.952
5/15/2007,7.879
5/16/2007,7.890
5/17/2007,8.075
5/18/2007,7.944
5/21/2007,7.913
5/22/2007,7.801
5/23/2007,7.757
5/24/2007,7.640
5/25/2007,7.520
5/29/2007,7.591
5/30/2007,7.941
5/31/2007,7.935
6/1/2007,7.878
6/4/2007,8.191
6/5/2007,8.064
6/6/2007,8.080
6/7/2007,7.825
6/8/2007,7.663
6/11/2007,7.608
6/12/2007,7.682
6/13/2007,7.608
6/14/2007,7.803
6/15/2007,7.918
6/18/2007,7.690
6/19/2007,7.519
6/20/2007,7.391
6/21/2007,7.348
6/22/2007,7.130
6/25/2007,6.940
6/26/2007,6.877
6/27/2007,6.929
6/28/2007,6.655
6/29/2007,6.773
7/2/2007,6.764
7/3/2007,6.687
7/5/2007,6.618
7/6/2007,6.444
7/9/2007,6.410
7/10/2007,6.699
7/11/2007,6.600
7/12/2007,6.497
7/13/2007,6.662
7/16/2007,6.376
7/17/2007,6.307
7/18/2007,6.528
7/19/2007,6.706
7/20/2007,6.446
7/23/2007,6.039
7/24/2007,5.863
7/25/2007,5.925
7/26/2007,5.943
7/27/2007,6.110
7/30/2007,6.499
7/31/2007,6.196
8/1/2007,6.352
8/2/2007,6.106
8/3/2007,6.090
8/6/2007,6.208
8/7/2007,6.201
8/8/2007,6.220
8/9/2007,6.586
8/10/2007,6.870
8/13/2007,6.799
8/14/2007,6.955
8/15/2007,6.864
8/16/2007,6.875
8/17/2007,7.010
8/20/2007,6.040
8/21/2007,5.812
8/22/2007,5.578
8/23/2007,5.622
8/24/2007,5.523
8/27/2007,5.380
8/28/2007,5.638
8/29/2007,5.430
8/30/2007,5.468
8/31/2007,5.346
9/4/2007,5.629
9/5/2007,5.805
9/6/2007,5.650
9/7/2007,5.501
9/10/2007,5.891
9/11/2007,5.934
9/12/2007,6.438
9/13/2007,6.029
9/14/2007,6.279
9/17/2007,6.653
9/18/2007,6.563
9/19/2007,6.180
9/20/2007,6.008
9/21/2007,6.080
9/24/2007,6.370
9/25/2007,6.360
9/26/2007,6.423
9/27/2007,6.914
9/28/2007,6.870
10/1/2007,7.050
10/2/2007,7.427
10/3/2007,7.277
10/4/2007,7.412
10/5/2007,7.073
10/8/2007,6.846
10/9/2007,6.863
10/10/2007,7.015
10/11/2007,6.876
10/12/2007,6.974
10/15/2007,7.445
10/16/2007,7.367
10/17/2007,7.458
10/18/2007,7.374
10/19/2007,7.041
10/22/2007,6.891
10/23/2007,6.761
10/24/2007,6.972
10/25/2007,7.188
10/26/2007,7.218
10/29/2007,7.269
10/30/2007,8.021
10/31/2007,8.330
11/1/2007,8.657
11/2/2007,8.408
11/5/2007,7.999
11/6/2007,7.863
11/7/2007,7.624
11/8/2007,7.713
11/9/2007,7.897
11/12/2007,7.961
11/13/2007,7.944
11/14/2007,7.835
11/15/2007,7.700
11/16/2007,8.001
11/19/2007,7.787
11/20/2007,7.477
11/21/2007,7.496
11/23/2007,7.700
11/26/2007,7.723
11/27/2007,7.557
11/28/2007,7.203
11/29/2007,7.452
11/30/2007,7.302
12/3/2007,7.214
12/4/2007,7.155
12/5/2007,7.185
12/6/2007,7.330
12/7/2007,7.155
12/10/2007,7.032
12/11/2007,7.085
12/12/2007,7.403
12/13/2007,7.193
12/14/2007,7.025
12/17/2007,7.035
12/18/2007,7.141
12/19/2007,7.159
12/20/2007,7.137
12/21/2007,7.190
12/24/2007,7.025
12/26/2007,7.046
12/27/2007,7.172
12/28/2007,7.386
12/31/2007,7.483
1/2/2008,7.850
1/3/2008,7.674
1/4/2008,7.841
1/7/2008,7.879
1/8/2008,7.967
1/9/2008,8.099
1/10/2008,8.259
1/11/2008,8.210
1/14/2008,8.353
1/15/2008,8.196
1/16/2008,8.133
1/17/2008,7.993
1/18/2008,7.826
1/22/2008,7.670
1/23/2008,7.621
1/24/2008,7.802
1/25/2008,7.983
1/28/2008,8.095
1/29/2008,7.996
1/30/2008,8.045
1/31/2008,8.074
2/1/2008,7.740
2/4/2008,7.869
2/5/2008,7.942
2/6/2008,7.994
2/7/2008,8.102
2/8/2008,8.301
2/11/2008,8.506
2/12/2008,8.436
2/13/2008,8.388
2/14/2008,8.660
2/15/2008,8.776
2/19/2008,8.977
2/20/2008,8.965
2/21/2008,8.891
2/22/2008,9.146
2/25/2008,9.186
2/26/2008,9.206
2/27/2008,8.930
2/28/2008,9.443
2/29/2008,9.366
3/3/2008,9.346
3/4/2008,9.353
3/5/2008,9.741
3/6/2008,9.752
3/7/2008,9.769
3/10/2008,10.024
3/11/2008,10.000
3/12/2008,10.011
3/13/2008,10.230
3/14/2008,9.868
3/17/2008,9.100
3/18/2008,9.414
3/19/2008,9.024
3/20/2008,9.065
3/24/2008,9.329
3/25/2008,9.419
3/26/2008,9.572
3/27/2008,9.578
3/28/2008,9.800
3/31/2008,10.101
4/1/2008,9.724
4/2/2008,9.832
4/3/2008,9.417
4/4/2008,9.297
4/7/2008,9.791
4/8/2008,9.697
4/9/2008,10.056
4/10/2008,10.098
4/11/2008,9.901
4/14/2008,10.053
4/15/2008,10.205
4/16/2008,10.433
4/17/2008,10.383
4/18/2008,10.587
4/21/2008,10.733
4/22/2008,10.607
4/23/2008,10.781
4/24/2008,10.790
4/25/2008,10.963
4/28/2008,11.280
4/29/2008,10.842
4/30/2008,10.843
5/1/2008,10.561
5/2/2008,10.777
5/5/2008,11.178
5/6/2008,11.150
5/7/2008,11.327
5/8/2008,11.263
5/9/2008,11.537
5/12/2008,11.301
5/13/2008,11.422
5/14/2008,11.598
5/15/2008,11.399
5/16/2008,11.094
5/19/2008,10.954
5/20/2008,11.365
5/21/2008,11.640
5/22/2008,11.857
5/23/2008,12.034
5/27/2008,11.801
5/28/2008,11.916
5/29/2008,11.474
5/30/2008,11.703
6/2/2008,11.969
6/3/2008,12.221
6/4/2008,12.379
6/5/2008,12.519
6/6/2008,12.693
6/9/2008,12.604
6/10/2008,12.435
6/11/2008,12.605
6/12/2008,12.798
6/13/2008,12.625
6/16/2008,12.933
6/17/2008,12.952
6/18/2008,13.210
6/19/2008,12.861
6/20/2008,12.994
6/23/2008,13.203
6/24/2008,13.011
6/25/2008,12.753
6/26/2008,13.105
6/27/2008,13.198
6/30/2008,13.353
7/1/2008,13.505
7/2/2008,13.577
7/3/2008,13.536
7/7/2008,12.977
7/8/2008,12.368
7/9/2008,12.006
7/10/2008,12.300
7/11/2008,11.904
7/14/2008,11.959
7/15/2008,11.477
7/16/2008,11.398
7/17/2008,10.537
7/18/2008,10.570
7/21/2008,10.510
7/22/2008,10.067
7/23/2008,9.788
7/24/2008,9.323
7/25/2008,9.084
7/28/2008,9.163
7/29/2008,9.217
7/30/2008,9.248
7/31/2008,9.119
8/1/2008,9.389
8/4/2008,8.716
8/5/2008,8.726
8/6/2008,8.758
8/7/2008,8.571
8/8/2008,8.248
8/11/2008,8.349
8/12/2008,8.330
8/13/2008,8.456
8/14/2008,8.136
8/15/2008,8.092
8/18/2008,7.888
8/19/2008,7.976
8/20/2008,8.077
8/21/2008,8.252
8/22/2008,7.843
8/25/2008,7.825
8/26/2008,8.278
8/27/2008,8.394
8/28/2008,7.943
8/29/2008,7.497
9/2/2008,7.261
9/3/2008,7.264
9/4/2008,7.322
9/5/2008,7.449
9/8/2008,7.527
9/9/2008,7.535
9/10/2008,7.393
9/11/2008,7.248
9/12/2008,7.161
9/15/2008,7.374
9/16/2008,7.279
9/17/2008,7.910
9/18/2008,7.621
9/19/2008,7.531
9/22/2008,7.658
9/23/2008,7.931
9/24/2008,7.679
9/25/2008,7.724
9/26/2008,7.472
9/29/2008,7.221
9/30/2008,7.433
10/1/2008,7.728
10/2/2008,7.481
10/3/2008,7.358
10/6/2008,6.835
10/7/2008,6.768
10/8/2008,6.742
10/9/2008,6.825
10/10/2008,6.535
10/13/2008,6.688
10/14/2008,6.727
10/15/2008,6.592
10/16/2008,6.703
10/17/2008,6.786
10/20/2008,6.741
10/21/2008,6.844
10/22/2008,6.777
10/23/2008,6.419
10/24/2008,6.239
10/27/2008,6.121
10/28/2008,6.131
10/29/2008,6.469
10/30/2008,6.431
10/31/2008,6.783
11/3/2008,6.838
11/4/2008,7.219
11/5/2008,7.249
11/6/2008,6.979
11/7/2008,6.757
11/10/2008,7.248
11/11/2008,6.705
11/12/2008,6.405
11/13/2008,6.318
11/14/2008,6.312
11/17/2008,6.533
11/18/2008,6.516
11/19/2008,6.743
11/20/2008,6.316
11/21/2008,6.480
11/24/2008,6.888
11/25/2008,6.386
11/26/2008,6.821
11/28/2008,6.510
12/1/2008,6.604
12/2/2008,6.424
12/3/2008,6.347
12/4/2008,6.017
12/5/2008,5.742
12/8/2008,5.566
12/9/2008,5.579
12/10/2008,5.681
12/11/2008,5.598
12/12/2008,5.488
12/15/2008,5.645
12/16/2008,5.751
12/17/2008,5.619
12/18/2008,5.548
12/19/2008,5.334
12/22/2008,5.294
12/23/2008,5.737
12/24/2008,5.910
12/26/2008,5.826
12/29/2008,6.136
12/30/2008,5.859
12/31/2008,5.622
1/2/2009,5.971
1/5/2009,6.072
1/6/2009,5.983
1/7/2009,5.872
1/8/2009,5.583
1/9/2009,5.516
1/12/2009,5.542
1/13/2009,5.184
1/14/2009,4.970
1/15/2009,4.801
1/16/2009,4.715
1/20/2009,4.642
1/21/2009,4.780
1/22/2009,4.681
1/23/2009,4.518
1/26/2009,4.490
1/27/2009,4.503
1/28/2009,4.476
1/29/2009,4.576
1/30/2009,4.417
2/2/2009,4.557
2/3/2009,4.513
2/4/2009,4.597
2/5/2009,4.642
2/6/2009,4.774
2/9/2009,4.807
2/10/2009,4.553
2/11/2009,4.532
2/12/2009,4.452
2/13/2009,4.286
2/17/2009,4.203
2/18/2009,4.214
2/19/2009,4.078
2/20/2009,4.006
2/23/2009,4.097
2/24/2009,4.236
2/25/2009,4.056
2/26/2009,4.067
2/27/2009,4.198
3/2/2009,4.152
3/3/2009,4.282
3/4/2009,4.340
3/5/2009,4.088
3/6/2009,3.945
3/9/2009,3.865
3/10/2009,3.840
3/11/2009,3.798
3/12/2009,3.995
3/13/2009,3.932
3/16/2009,3.850
3/17/2009,3.812
3/18/2009,3.684
3/19/2009,4.174
3/20/2009,4.227
3/23/2009,4.294
3/24/2009,4.347
3/25/2009,4.329
3/26/2009,3.947
3/27/2009,3.631
3/30/2009,3.739
3/31/2009,3.776
4/1/2009,3.695
4/2/2009,3.782
4/3/2009,3.801
4/6/2009,3.732
4/7/2009,3.562
4/8/2009,3.630
4/9/2009,3.635
4/13/2009,3.628
4/14/2009,3.689
4/15/2009,3.693
4/16/2009,3.599
4/17/2009,3.729
4/20/2009,3.540
4/21/2009,3.511
4/22/2009,3.532
4/23/2009,3.409
4/24/2009,3.297
4/27/2009,3.253
4/28/2009,3.321
4/29/2009,3.403
4/30/2009,3.373
5/1/2009,3.546
5/4/2009,3.725
5/5/2009,3.615
5/6/2009,3.947
5/7/2009,4.081
5/8/2009,4.311
5/11/2009,4.302
5/12/2009,4.449
5/13/2009,4.333
5/14/2009,4.292
5/15/2009,4.098
5/18/2009,4.139
5/19/2009,3.914
5/20/2009,3.970
5/21/2009,3.603
5/22/2009,3.515
5/26/2009,3.537
5/27/2009,3.538
5/28/2009,3.957
5/29/2009,3.835
6/1/2009,4.249
6/2/2009,4.120
6/3/2009,3.766
6/4/2009,3.810
6/5/2009,3.868
6/8/2009,3.731
6/9/2009,3.731
6/10/2009,3.708
6/11/2009,3.933
6/12/2009,3.857
6/15/2009,4.182
6/16/2009,4.129
6/17/2009,4.253
6/18/2009,4.093
6/19/2009,4.032
6/22/2009,3.933
6/23/2009,3.879
6/24/2009,3.761
6/25/2009,3.844
6/26/2009,3.949
6/29/2009,3.944
6/30/2009,3.835
7/1/2009,3.615
7/2/2009,3.601
7/6/2009,3.487
7/7/2009,3.429
7/8/2009,3.353
7/9/2009,3.408
7/10/2009,3.373
7/13/2009,3.263
7/14/2009,3.429
7/15/2009,3.283
7/16/2009,3.668
7/17/2009,3.669
7/20/2009,3.689
7/21/2009,3.705
7/22/2009,3.793
7/23/2009,3.550
7/24/2009,3.695
7/27/2009,3.604
7/28/2009,3.555
7/29/2009,3.379
7/30/2009,3.743
7/31/2009,3.653
8/3/2009,4.031
8/4/2009,4.001
8/5/2009,4.042
8/6/2009,3.673
8/7/2009,3.674
8/10/2009,3.641
8/11/2009,3.541
8/12/2009,3.479
8/13/2009,3.336
8/14/2009,3.238
8/17/2009,3.163
8/18/2009,3.115
8/19/2009,3.119
8/20/2009,2.945
8/21/2009,2.804
8/24/2009,2.923
8/25/2009,2.882
8/26/2009,2.910
8/27/2009,2.843
8/28/2009,3.033
8/31/2009,2.887
9/1/2009,2.821
9/2/2009,2.625
9/3/2009,2.508
9/4/2009,2.659
9/8/2009,2.807
9/9/2009,2.829
9/10/2009,3.256
9/11/2009,2.960
9/14/2009,3.297
9/15/2009,3.320
9/16/2009,3.760
9/17/2009,3.458
9/18/2009,3.778
9/21/2009,3.576
9/22/2009,3.609
9/23/2009,3.860
9/24/2009,3.955
9/25/2009,3.985
9/28/2009,3.729
9/29/2009,4.875
9/30/2009,4.841
10/1/2009,4.466
10/2/2009,4.718
10/5/2009,4.987
10/6/2009,4.880
10/7/2009,4.904
10/8/2009,4.963
10/9/2009,4.770
10/12/2009,4.880
10/13/2009,4.588
10/14/2009,4.436
10/15/2009,4.482
10/16/2009,4.781
10/19/2009,4.835
10/20/2009,5.161
10/21/2009,5.100
10/22/2009,4.947
10/23/2009,4.787
10/26/2009,4.513
10/27/2009,4.557
10/28/2009,4.289
10/29/2009,5.062
10/30/2009,5.045
11/2/2009,4.824
11/3/2009,4.922
11/4/2009,4.725
11/5/2009,4.782
11/6/2009,4.595
11/9/2009,4.670
11/10/2009,4.467
11/11/2009,4.503
11/12/2009,4.370
11/13/2009,4.392
11/16/2009,4.614
11/17/2009,4.530
11/18/2009,4.254
11/19/2009,4.342
11/20/2009,4.424
11/23/2009,4.473
11/24/2009,4.486
11/25/2009,5.172
11/27/2009,5.192
11/30/2009,4.848
12/1/2009,4.762
12/2/2009,4.530
12/3/2009,4.459
12/4/2009,4.586
12/7/2009,4.971
12/8/2009,5.114
12/9/2009,4.898
12/10/2009,5.298
12/11/2009,5.163
12/14/2009,5.332
12/15/2009,5.523
12/16/2009,5.462
12/17/2009,5.768
12/18/2009,5.782
12/21/2009,5.669
12/22/2009,5.715
12/23/2009,5.821
12/24/2009,5.643
12/28/2009,5.990
12/29/2009,5.814
12/30/2009,5.709
12/31/2009,5.572
1/4/2010,5.884
1/5/2010,5.637
1/6/2010,6.009
1/7/2010,5.806
1/8/2010,5.749
1/11/2010,5.454
1/12/2010,5.591
1/13/2010,5.733
1/14/2010,5.691
1/15/2010,5.587
1/19/2010,5.557
1/20/2010,5.496
1/21/2010,5.615
1/22/2010,5.854
1/25/2010,5.722
1/26/2010,5.485
1/27/2010,5.274
1/28/2010,5.138
1/29/2010,5.131
2/1/2010,5.434
2/2/2010,5.454
2/3/2010,5.419
2/4/2010,5.416
2/5/2010,5.515
2/8/2010,5.401
2/9/2010,5.290
2/10/2010,5.292
2/11/2010,5.468
2/12/2010,5.468
2/16/2010,5.310
2/17/2010,5.386
2/18/2010,5.172
2/19/2010,5.044
2/22/2010,4.895
2/23/2010,4.778
2/24/2010,4.816
2/25/2010,4.767
2/26/2010,4.813
3/1/2010,4.679
3/2/2010,4.708
3/3/2010,4.757
3/4/2010,4.575
3/5/2010,4.593
3/8/2010,4.527
3/9/2010,4.516
3/10/2010,4.559
3/11/2010,4.440
3/12/2010,4.400
3/15/2010,4.391
3/16/2010,4.347
3/17/2010,4.303
3/18/2010,4.085
3/19/2010,4.169
3/22/2010,4.079
3/23/2010,4.130
3/24/2010,4.105
3/25/2010,3.981
3/26/2010,3.872
3/29/2010,3.842
3/30/2010,3.973
3/31/2010,3.869
4/1/2010,4.086
4/5/2010,4.277
4/6/2010,4.096
4/7/2010,4.019
4/8/2010,3.909
4/9/2010,3.850
4/12/2010,4.008
4/13/2010,4.160
4/14/2010,4.199
4/15/2010,3.985
4/16/2010,4.039
4/19/2010,3.944
4/20/2010,3.966
4/21/2010,3.955
4/22/2010,4.128
4/23/2010,4.257
4/26/2010,4.262
4/27/2010,4.216
4/28/2010,4.271
4/29/2010,3.980
4/30/2010,3.920
5/3/2010,4.000
5/4/2010,4.013
5/5/2010,3.991
5/6/2010,3.924
5/7/2010,4.015
5/10/2010,4.170
5/11/2010,4.131
5/12/2010,4.284
5/13/2010,4.339
5/14/2010,4.312
5/17/2010,4.398
5/18/2010,4.342
5/19/2010,4.158
5/20/2010,4.106
5/21/2010,4.035
5/24/2010,4.017
5/25/2010,4.051
5/26/2010,4.155
5/27/2010,4.294
5/28/2010,4.341
6/1/2010,4.248
6/2/2010,4.424
6/3/2010,4.690
6/4/2010,4.797
6/7/2010,4.916
6/8/2010,4.808
6/9/2010,4.677
6/10/2010,4.647
6/11/2010,4.781
6/14/2010,5.006
6/15/2010,5.189
6/16/2010,4.978
6/17/2010,5.162
6/18/2010,4.997
6/21/2010,4.873
6/22/2010,4.756
6/23/2010,4.804
6/24/2010,4.748
6/25/2010,4.861
6/28/2010,4.717
6/29/2010,4.548
6/30/2010,4.616
7/1/2010,4.854
7/2/2010,4.687
7/6/2010,4.682
7/7/2010,4.565
7/8/2010,4.399
7/9/2010,4.402
7/12/2010,4.388
7/13/2010,4.354
7/14/2010,4.306
7/15/2010,4.586
7/16/2010,4.519
7/19/2010,4.510
7/20/2010,4.590
7/21/2010,4.513
7/22/2010,4.643
7/23/2010,4.580
7/26/2010,4.612
7/27/2010,4.675
7/28/2010,4.774
7/29/2010,4.827
7/30/2010,4.923
8/2/2010,4.701
8/3/2010,4.639
8/4/2010,4.737
8/5/2010,4.598
8/6/2010,4.467
8/9/2010,4.309
8/10/2010,4.297
8/11/2010,4.326
8/12/2010,4.296
8/13/2010,4.328
8/16/2010,4.228
8/17/2010,4.267
8/18/2010,4.239
8/19/2010,4.171
8/20/2010,4.117
8/23/2010,4.066
8/24/2010,4.039
8/25/2010,3.871
8/26/2010,3.817
8/27/2010,3.651
8/30/2010,3.812
8/31/2010,3.816
9/1/2010,3.762
9/2/2010,3.751
9/3/2010,3.939
9/7/2010,3.852
9/8/2010,3.814
9/9/2010,3.768
9/10/2010,3.883
9/13/2010,3.938
9/14/2010,3.966
9/15/2010,3.995
9/16/2010,4.062
9/17/2010,4.024
9/20/2010,3.822
9/21/2010,3.919
9/22/2010,3.966
9/23/2010,4.019
9/24/2010,3.881
9/27/2010,3.800
9/28/2010,3.837
9/29/2010,3.962
9/30/2010,3.872
10/1/2010,3.797
10/4/2010,3.727
10/5/2010,3.743
10/6/2010,3.865
10/7/2010,3.617
10/8/2010,3.651
10/11/2010,3.601
10/12/2010,3.629
10/13/2010,3.696
10/14/2010,3.657
10/15/2010,3.535
10/18/2010,3.431
10/19/2010,3.513
10/20/2010,3.539
10/21/2010,3.368
10/22/2010,3.332
10/25/2010,3.317
10/26/2010,3.354
10/27/2010,3.292
10/28/2010,3.890
10/29/2010,4.038
11/1/2010,3.832
11/2/2010,3.870
11/3/2010,3.836
11/4/2010,3.856
11/5/2010,3.937
11/8/2010,4.088
11/9/2010,4.210
11/10/2010,4.046
11/11/2010,3.927
11/12/2010,3.799
11/15/2010,3.845
11/16/2010,3.818
11/17/2010,4.030
11/18/2010,4.007
11/19/2010,4.164
11/22/2010,4.271
11/23/2010,4.264
11/24/2010,4.267
11/26/2010,4.399
11/29/2010,4.210
11/30/2010,4.180
12/1/2010,4.269
12/2/2010,4.343
12/3/2010,4.349
12/6/2010,4.488
12/7/2010,4.393
12/8/2010,4.606
12/9/2010,4.435
12/10/2010,4.417
12/13/2010,4.420
12/14/2010,4.255
12/15/2010,4.222
12/16/2010,4.048
12/17/2010,4.066
12/20/2010,4.237
12/21/2010,4.059
12/22/2010,4.152
12/23/2010,4.083
12/27/2010,4.112
12/28/2010,4.216
12/29/2010,4.287
12/30/2010,4.338
12/31/2010,4.405
1/3/2011,4.650
1/4/2011,4.669
1/5/2011,4.473
1/6/2011,4.434
1/7/2011,4.422
1/10/2011,4.399
1/11/2011,4.481
1/12/2011,4.531
1/13/2011,4.407
1/14/2011,4.480
1/18/2011,4.425
1/19/2011,4.561
1/20/2011,4.695
1/21/2011,4.736
1/24/2011,4.580
1/25/2011,4.473
1/26/2011,4.491
1/27/2011,4.316
1/28/2011,4.323
1/31/2011,4.420
2/1/2011,4.347
2/2/2011,4.429
2/3/2011,4.337
2/4/2011,4.310
2/7/2011,4.104
2/8/2011,4.040
2/9/2011,4.044
2/10/2011,3.986
2/11/2011,3.910
2/14/2011,3.925
2/15/2011,3.976
2/16/2011,3.921
2/17/2011,3.868
2/18/2011,3.928
2/22/2011,3.867
2/23/2011,3.900
2/24/2011,3.793
2/25/2011,4.005
2/28/2011,4.037
3/1/2011,3.873
3/2/2011,3.818
3/3/2011,3.778
3/4/2011,3.809
3/7/2011,3.927
3/8/2011,3.864
3/9/2011,3.930
3/10/2011,3.830
3/11/2011,3.889
3/14/2011,3.914
3/15/2011,3.941
3/16/2011,3.938
3/17/2011,4.158
3/18/2011,4.168
3/21/2011,4.161
3/22/2011,4.254
3/23/2011,4.335
3/24/2011,4.244
3/25/2011,4.403
3/28/2011,4.374
3/29/2011,4.240
3/30/2011,4.355
3/31/2011,4.389
4/1/2011,4.362
4/4/2011,4.289
4/5/2011,4.231
4/6/2011,4.146
4/7/2011,4.057
4/8/2011,4.041
4/11/2011,4.108
4/12/2011,4.098
4/13/2011,4.141
4/14/2011,4.212
4/15/2011,4.204
4/18/2011,4.138
4/19/2011,4.262
4/20/2011,4.310
4/21/2011,4.412
4/25/2011,4.389
4/26/2011,4.387
4/27/2011,4.377
4/28/2011,4.571
4/29/2011,4.698
5/2/2011,4.693
5/3/2011,4.670
5/4/2011,4.577
5/5/2011,4.261
5/6/2011,4.235
5/9/2011,4.154
5/10/2011,4.246
5/11/2011,4.181
5/12/2011,4.194
5/13/2011,4.246
5/16/2011,4.318
5/17/2011,4.182
5/18/2011,4.198
5/19/2011,4.094
5/20/2011,4.230
5/23/2011,4.346
5/24/2011,4.345
5/25/2011,4.379
5/26/2011,4.326
5/27/2011,4.518
5/31/2011,4.666
6/1/2011,4.629
6/2/2011,4.794
6/3/2011,4.707
6/6/2011,4.827
6/7/2011,4.831
6/8/2011,4.847
6/9/2011,4.674
6/10/2011,4.757
6/13/2011,4.646
6/14/2011,4.581
6/15/2011,4.577
6/16/2011,4.412
6/17/2011,4.325
6/20/2011,4.317
6/21/2011,4.388
6/22/2011,4.317
6/23/2011,4.193
6/24/2011,4.229
6/27/2011,4.256
6/28/2011,4.357
6/29/2011,4.315
6/30/2011,4.374
7/1/2011,4.311
7/5/2011,4.363
7/6/2011,4.217
7/7/2011,4.133
7/8/2011,4.205
7/11/2011,4.288
7/12/2011,4.333
7/13/2011,4.403
7/14/2011,4.378
7/15/2011,4.546
7/18/2011,4.546
7/19/2011,4.533
7/20/2011,4.500
7/21/2011,4.395
7/22/2011,4.399
7/25/2011,4.386
7/26/2011,4.370
7/27/2011,4.370
7/28/2011,4.244
7/29/2011,4.145
8/1/2011,4.188
8/2/2011,4.155
8/3/2011,4.090
8/4/2011,3.941
8/5/2011,3.941
8/8/2011,3.935
8/9/2011,3.994
8/10/2011,4.003
8/11/2011,4.108
8/12/2011,4.060
8/15/2011,4.024
8/16/2011,3.932
8/17/2011,3.933
8/18/2011,3.892
8/19/2011,3.940
8/22/2011,3.889
8/23/2011,3.993
8/24/2011,3.922
8/25/2011,3.931
8/26/2011,3.931
8/29/2011,3.857
8/30/2011,3.909
8/31/2011,4.054
9/1/2011,4.050
9/2/2011,3.872
9/6/2011,3.938
9/7/2011,3.940
9/8/2011,3.980
9/9/2011,3.915
9/12/2011,3.885
9/13/2011,3.980
9/14/2011,4.039
9/15/2011,3.878
9/16/2011,3.809
9/19/2011,3.829
9/20/2011,3.798
9/21/2011,3.730
9/22/2011,3.705
9/23/2011,3.701
9/26/2011,3.782
9/27/2011,3.827
9/28/2011,3.759
9/29/2011,3.747
9/30/2011,3.666
10/3/2011,3.617
10/4/2011,3.638
10/5/2011,3.570
10/6/2011,3.598
10/7/2011,3.481
10/10/2011,3.541
10/11/2011,3.616
10/12/2011,3.489
10/13/2011,3.531
10/14/2011,3.703
10/17/2011,3.688
10/18/2011,3.553
10/19/2011,3.586
10/20/2011,3.630
10/21/2011,3.629
10/24/2011,3.604
10/25/2011,3.658
10/26/2011,3.590
10/27/2011,3.524
10/28/2011,3.923
10/31/2011,3.934
11/1/2011,3.781
11/2/2011,3.749
11/3/2011,3.778
11/4/2011,3.783
11/7/2011,3.696
11/8/2011,3.745
11/9/2011,3.652
11/10/2011,3.649
11/11/2011,3.584
11/14/2011,3.458
11/15/2011,3.404
11/16/2011,3.344
11/17/2011,3.410
11/18/2011,3.316
11/21/2011,3.399
11/22/2011,3.415
11/23/2011,3.460
11/25/2011,3.542
11/28/2011,3.364
11/29/2011,3.633
11/30/2011,3.550
12/1/2011,3.648
12/2/2011,3.584
12/5/2011,3.461
12/6/2011,3.487
12/7/2011,3.421
12/8/2011,3.457
12/9/2011,3.317
12/12/2011,3.254
12/13/2011,3.279
12/14/2011,3.136
12/15/2011,3.127
12/16/2011,3.127
12/19/2011,3.096
12/20/2011,3.128
12/21/2011,3.155
12/22/2011,3.169
12/23/2011,3.114
12/27/2011,3.112
12/28/2011,3.084
12/29/2011,3.027
12/30/2011,2.989
1/3/2012,2.993
1/4/2012,3.096
1/5/2012,2.980
1/6/2012,3.062
1/9/2012,3.011
1/10/2012,2.941
1/11/2012,2.774
1/12/2012,2.697
1/13/2012,2.670
1/17/2012,2.488
1/18/2012,2.472
1/19/2012,2.322
1/20/2012,2.343
1/23/2012,2.525
1/24/2012,2.554
1/25/2012,2.729
1/26/2012,2.605
1/27/2012,2.678
1/30/2012,2.713
1/31/2012,2.503
2/1/2012,2.382
2/2/2012,2.554
2/3/2012,2.499
2/6/2012,2.550
2/7/2012,2.472
2/8/2012,2.448
2/9/2012,2.477
2/10/2012,2.477
2/13/2012,2.431
2/14/2012,2.532
2/15/2012,2.425
2/16/2012,2.567
2/17/2012,2.684
2/21/2012,2.626
2/22/2012,2.643
2/23/2012,2.621
2/24/2012,2.550
2/27/2012,2.446
2/28/2012,2.519
2/29/2012,2.616
3/1/2012,2.463
3/2/2012,2.484
3/5/2012,2.355
3/6/2012,2.356
3/7/2012,2.302
3/8/2012,2.272
3/9/2012,2.324
3/12/2012,2.269
3/13/2012,2.299
3/14/2012,2.284
3/15/2012,2.279
3/16/2012,2.326
3/19/2012,2.351
3/20/2012,2.335
3/21/2012,2.360
3/22/2012,2.269
3/23/2012,2.275
3/26/2012,2.226
3/27/2012,2.208
3/28/2012,2.191
3/29/2012,2.149
3/30/2012,2.126
4/2/2012,2.152
4/3/2012,2.187
4/4/2012,2.141
4/5/2012,2.089
4/9/2012,2.107
4/10/2012,2.031
4/11/2012,1.984
4/12/2012,1.983
4/13/2012,1.981
4/16/2012,2.016
4/17/2012,1.951
4/18/2012,1.951
4/19/2012,1.907
4/20/2012,1.927
4/23/2012,2.007
4/24/2012,1.975
4/25/2012,2.068
4/26/2012,2.036
4/27/2012,2.186
4/30/2012,2.285
5/1/2012,2.371
5/2/2012,2.253
5/3/2012,2.340
5/4/2012,2.279
5/7/2012,2.336
5/8/2012,2.393
5/9/2012,2.465
5/10/2012,2.487
5/11/2012,2.509
5/14/2012,2.431
5/15/2012,2.500
5/16/2012,2.618
5/17/2012,2.594
5/18/2012,2.742
5/21/2012,2.609
5/22/2012,2.707
5/23/2012,2.737
5/24/2012,2.647
5/25/2012,2.568
5/29/2012,2.429
5/30/2012,2.418
5/31/2012,2.422
6/1/2012,2.326
6/4/2012,2.415
6/5/2012,2.446
6/6/2012,2.421
6/7/2012,2.274
6/8/2012,2.299
6/11/2012,2.218
6/12/2012,2.232
6/13/2012,2.185
6/14/2012,2.495
6/15/2012,2.467
6/18/2012,2.635
6/19/2012,2.545
6/20/2012,2.517
6/21/2012,2.582
6/22/2012,2.625
6/25/2012,2.694
6/26/2012,2.767
6/27/2012,2.774
6/28/2012,2.722
6/29/2012,2.824
7/2/2012,2.824
7/3/2012,2.899
7/5/2012,2.945
7/6/2012,2.776
7/9/2012,2.883
7/10/2012,2.737
7/11/2012,2.853
7/12/2012,2.874
7/13/2012,2.874
7/16/2012,2.801
7/17/2012,2.796
7/18/2012,2.973
7/19/2012,2.999
7/20/2012,3.081
7/23/2012,3.117
7/24/2012,3.187
7/25/2012,3.070
7/26/2012,3.105
7/27/2012,3.010
7/30/2012,3.214
7/31/2012,3.209
8/1/2012,3.171
8/2/2012,2.920
8/3/2012,2.877
8/6/2012,2.908
8/7/2012,2.964
8/8/2012,2.933
8/9/2012,2.945
8/10/2012,2.770
8/13/2012,2.729
8/14/2012,2.834
8/15/2012,2.748
8/16/2012,2.724
8/17/2012,2.719
8/20/2012,2.776
8/21/2012,2.775
8/22/2012,2.826
8/23/2012,2.802
8/24/2012,2.702
8/27/2012,2.653
8/28/2012,2.614
8/29/2012,2.634
8/30/2012,2.748
8/31/2012,2.799
9/4/2012,2.854
9/5/2012,2.795
9/6/2012,2.776
9/7/2012,2.682
9/10/2012,2.812
9/11/2012,2.992
9/12/2012,3.063
9/13/2012,3.037
9/14/2012,2.943
9/17/2012,2.865
9/18/2012,2.773
9/19/2012,2.762
9/20/2012,2.797
9/21/2012,2.885
9/24/2012,2.837
9/25/2012,2.924
9/26/2012,3.023
9/27/2012,3.297
9/28/2012,3.320
10/1/2012,3.480
10/2/2012,3.531
10/3/2012,3.395
10/4/2012,3.406
10/5/2012,3.396
10/8/2012,3.403
10/9/2012,3.467
10/10/2012,3.475
10/11/2012,3.604
10/12/2012,3.611
10/15/2012,3.486
10/16/2012,3.437
10/17/2012,3.470
10/18/2012,3.587
10/19/2012,3.617
10/22/2012,3.452
10/23/2012,3.535
10/24/2012,3.450
10/25/2012,3.434
10/26/2012,3.400
10/29/2012,3.471
10/30/2012,3.691
10/31/2012,3.692
11/1/2012,3.699
11/2/2012,3.554
11/5/2012,3.554
11/6/2012,3.617
11/7/2012,3.578
11/8/2012,3.608
11/9/2012,3.503
11/12/2012,3.570
11/13/2012,3.739
11/14/2012,3.760
11/15/2012,3.703
11/16/2012,3.790
11/19/2012,3.719
11/20/2012,3.832
11/21/2012,3.903
11/23/2012,3.901
11/26/2012,3.730
11/27/2012,3.769
11/28/2012,3.696
11/29/2012,3.648
11/30/2012,3.561
12/3/2012,3.591
12/4/2012,3.539
12/5/2012,3.700
12/6/2012,3.666
12/7/2012,3.551
12/10/2012,3.460
12/11/2012,3.412
12/12/2012,3.382
12/13/2012,3.347
12/14/2012,3.314
12/17/2012,3.358
12/18/2012,3.418
12/19/2012,3.320
12/20/2012,3.462
12/21/2012,3.451
12/24/2012,3.346
12/26/2012,3.392
12/27/2012,3.354
12/28/2012,3.469
12/31/2012,3.351
1/2/2013,3.233
1/3/2013,3.198
1/4/2013,3.287
1/7/2013,3.266
1/8/2013,3.218
1/9/2013,3.113
1/10/2013,3.193
1/11/2013,3.327
1/14/2013,3.373
1/15/2013,3.455
1/16/2013,3.435
1/17/2013,3.494
1/18/2013,3.566
1/22/2013,3.558
1/23/2013,3.554
1/24/2013,3.446
1/25/2013,3.444
1/28/2013,3.289
1/29/2013,3.226
1/30/2013,3.335
1/31/2013,3.339
2/1/2013,3.301
2/4/2013,3.315
2/5/2013,3.399
2/6/2013,3.418
2/7/2013,3.285
2/8/2013,3.272
2/11/2013,3.279
2/12/2013,3.230
2/13/2013,3.306
2/14/2013,3.163
2/15/2013,3.153
2/19/2013,3.272
2/20/2013,3.279
2/21/2013,3.246
2/22/2013,3.291
2/25/2013,3.414
2/26/2013,3.427
2/27/2013,3.434
2/28/2013,3.486
3/1/2013,3.456
3/4/2013,3.529
3/5/2013,3.529
3/6/2013,3.470
3/7/2013,3.582
3/8/2013,3.629
3/11/2013,3.649
3/12/2013,3.645
3/13/2013,3.680
3/14/2013,3.812
3/15/2013,3.872
3/18/2013,3.882
3/19/2013,3.969
3/20/2013,3.960
3/21/2013,3.935
3/22/2013,3.927
3/25/2013,3.865
3/26/2013,3.976
3/27/2013,4.068
3/28/2013,4.024
4/1/2013,4.015
4/2/2013,3.969
4/3/2013,3.900
4/4/2013,3.947
4/5/2013,4.125
4/8/2013,4.082
4/9/2013,4.017
4/10/2013,4.085
4/11/2013,4.139
4/12/2013,4.222
4/15/2013,4.137
4/16/2013,4.160
4/17/2013,4.214
4/18/2013,4.401
4/19/2013,4.408
4/22/2013,4.267
4/23/2013,4.238
4/24/2013,4.166
4/25/2013,4.167
4/26/2013,4.151
4/29/2013,4.392
4/30/2013,4.343
5/1/2013,4.326
5/2/2013,4.025
5/3/2013,4.041
5/6/2013,4.011
5/7/2013,3.920
5/8/2013,3.978
5/9/2013,3.983
5/10/2013,3.910
5/13/2013,3.925
5/14/2013,4.024
5/15/2013,4.070
5/16/2013,3.932
5/17/2013,4.055
5/20/2013,4.090
5/21/2013,4.192
5/22/2013,4.186
5/23/2013,4.261
5/24/2013,4.237
5/28/2013,4.174
5/29/2013,4.148
5/30/2013,4.023
5/31/2013,3.984
6/3/2013,3.991
6/4/2013,3.998
6/5/2013,4.001
6/6/2013,3.827
6/7/2013,3.828
6/10/2013,3.800
6/11/2013,3.724
6/12/2013,3.777
6/13/2013,3.814
6/14/2013,3.733
6/17/2013,3.875
6/18/2013,3.905
6/19/2013,3.963
6/20/2013,3.877
6/21/2013,3.771
6/24/2013,3.739
6/25/2013,3.647
6/26/2013,3.707
6/27/2013,3.582
6/28/2013,3.565
7/1/2013,3.577
7/2/2013,3.654
7/3/2013,3.690
7/5/2013,3.617
7/8/2013,3.741
7/9/2013,3.657
7/10/2013,3.680
7/11/2013,3.613
7/12/2013,3.644
7/15/2013,3.674
7/16/2013,3.677
7/17/2013,3.629
7/18/2013,3.812
7/19/2013,3.789
7/22/2013,3.677
7/23/2013,3.743
7/24/2013,3.698
7/25/2013,3.644
7/26/2013,3.555
7/29/2013,3.459
7/30/2013,3.432
7/31/2013,3.446
8/1/2013,3.387
8/2/2013,3.347
8/5/2013,3.319
8/6/2013,3.318
8/7/2013,3.247
8/8/2013,3.297
8/9/2013,3.230
8/12/2013,3.310
8/13/2013,3.285
8/14/2013,3.342
8/15/2013,3.419
8/16/2013,3.368
8/19/2013,3.413
8/20/2013,3.444
8/21/2013,3.460
8/22/2013,3.545
8/23/2013,3.485
8/26/2013,3.513
8/27/2013,3.534
8/28/2013,3.566
8/29/2013,3.618
8/30/2013,3.581
9/3/2013,3.666
9/4/2013,3.683
9/5/2013,3.575
9/6/2013,3.530
9/9/2013,3.605
9/10/2013,3.584
9/11/2013,3.567
9/12/2013,3.638
9/13/2013,3.677
9/16/2013,3.738
9/17/2013,3.745
9/18/2013,3.713
9/19/2013,3.720
9/20/2013,3.687
9/23/2013,3.602
9/24/2013,3.492
9/25/2013,3.493
9/26/2013,3.498
9/27/2013,3.589
9/30/2013,3.560
10/1/2013,3.609
10/2/2013,3.542
10/3/2013,3.499
10/4/2013,3.506
10/7/2013,3.629
10/8/2013,3.716
10/9/2013,3.679
10/10/2013,3.723
10/11/2013,3.776
10/14/2013,3.820
10/15/2013,3.790
10/16/2013,3.769
10/17/2013,3.757
10/18/2013,3.764
10/21/2013,3.668
10/22/2013,3.581
10/23/2013,3.619
10/24/2013,3.629
10/25/2013,3.707
10/28/2013,3.569
10/29/2013,3.497
10/30/2013,3.620
10/31/2013,3.581
11/1/2013,3.513
11/4/2013,3.445
11/5/2013,3.466
11/6/2013,3.498
11/7/2013,3.519
11/8/2013,3.559
11/11/2013,3.574
11/12/2013,3.617
11/13/2013,3.566
11/14/2013,3.605
11/15/2013,3.660
11/18/2013,3.617
11/19/2013,3.556
11/20/2013,3.674
11/21/2013,3.702
11/22/2013,3.768
11/25/2013,3.789
11/26/2013,3.818
11/27/2013,3.895
11/29/2013,3.954
12/2/2013,3.988
12/3/2013,3.976
12/4/2013,3.960
12/5/2013,4.132
12/6/2013,4.114
12/9/2013,4.232
12/10/2013,4.237
12/11/2013,4.337
12/12/2013,4.409
12/13/2013,4.351
12/16/2013,4.279
12/17/2013,4.287
12/18/2013,4.251
12/19/2013,4.460
12/20/2013,4.418
12/23/2013,4.463
12/24/2013,4.416
12/26/2013,4.433
12/27/2013,4.407
12/30/2013,4.427
12/31/2013,4.230
1/2/2014,4.321
1/3/2014,4.304
1/6/2014,4.306
1/7/2014,4.299
1/8/2014,4.216
1/9/2014,4.005
1/10/2014,4.053
1/13/2014,4.274
1/14/2014,4.369
1/15/2014,4.325
1/16/2014,4.382
1/17/2014,4.326
1/21/2014,4.431
1/22/2014,4.689
1/23/2014,4.730
1/24/2014,5.182
1/27/2014,4.847
1/28/2014,5.033
1/29/2014,5.557
1/30/2014,5.011
1/31/2014,4.943
2/3/2014,4.905
2/4/2014,5.375
2/5/2014,5.030
2/6/2014,4.931
2/7/2014,4.775
2/10/2014,4.579
2/11/2014,4.824
2/12/2014,4.822
2/13/2014,5.223
2/14/2014,5.214
2/18/2014,5.551
2/19/2014,6.149
2/20/2014,6.064
2/21/2014,6.135
2/24/2014,5.445
2/25/2014,5.096
2/26/2014,4.855
2/27/2014,4.511
2/28/2014,4.609
3/3/2014,4.492
3/4/2014,4.667
3/5/2014,4.523
3/6/2014,4.662
3/7/2014,4.618
3/10/2014,4.651
3/11/2014,4.605
3/12/2014,4.490
3/13/2014,4.383
3/14/2014,4.425
3/17/2014,4.536
3/18/2014,4.456
3/19/2014,4.484
3/20/2014,4.369
3/21/2014,4.313
3/24/2014,4.276
3/25/2014,4.411
3/26/2014,4.402
3/27/2014,4.584
3/28/2014,4.485
3/31/2014,4.371
4/1/2014,4.276
4/2/2014,4.364
4/3/2014,4.470
4/4/2014,4.439
4/7/2014,4.476
4/8/2014,4.534
4/9/2014,4.586
4/10/2014,4.655
4/11/2014,4.620
4/14/2014,4.560
4/15/2014,4.567
4/16/2014,4.530
4/17/2014,4.741
4/21/2014,4.697
4/22/2014,4.739
4/23/2014,4.730
4/24/2014,4.705
4/25/2014,4.647
4/28/2014,4.795
4/29/2014,4.831
4/30/2014,4.815
5/1/2014,4.719
5/2/2014,4.674
5/5/2014,4.688
5/6/2014,4.799
5/7/2014,4.740
5/8/2014,4.572
5/9/2014,4.531
5/12/2014,4.434
5/13/2014,4.358
5/14/2014,4.367
5/15/2014,4.469
5/16/2014,4.413
5/19/2014,4.470
5/20/2014,4.552
5/21/2014,4.473
5/22/2014,4.359
5/23/2014,4.405
5/27/2014,4.505
5/28/2014,4.619
5/29/2014,4.559
5/30/2014,4.542
6/2/2014,4.612
6/3/2014,4.629
6/4/2014,4.640
6/5/2014,4.701
6/6/2014,4.710
6/9/2014,4.645
6/10/2014,4.530
6/11/2014,4.508
6/12/2014,4.762
6/13/2014,4.739
6/16/2014,4.707
6/17/2014,4.709
6/18/2014,4.659
6/19/2014,4.584
6/20/2014,4.531
6/23/2014,4.446
6/24/2014,4.535
6/25/2014,4.553
6/26/2014,4.400
6/27/2014,4.409
6/30/2014,4.461
7/1/2014,4.455
7/2/2014,4.357
7/3/2014,4.406
7/7/2014,4.225
7/8/2014,4.204
7/9/2014,4.170
7/10/2014,4.120
7/11/2014,4.146
7/14/2014,4.147
7/15/2014,4.097
7/16/2014,4.119
7/17/2014,3.954
7/18/2014,3.951
7/21/2014,3.849
7/22/2014,3.772
7/23/2014,3.762
7/24/2014,3.847
7/25/2014,3.781
7/28/2014,3.747
7/29/2014,3.808
7/30/2014,3.780
7/31/2014,3.841
8/1/2014,3.798
8/4/2014,3.834
8/5/2014,3.897
8/6/2014,3.933
8/7/2014,3.876
8/8/2014,3.962
8/11/2014,3.965
8/12/2014,3.974
8/13/2014,3.831
8/14/2014,3.906
8/15/2014,3.776
8/18/2014,3.792
8/19/2014,3.877
8/20/2014,3.823
8/21/2014,3.889
8/22/2014,3.840
8/25/2014,3.937
8/26/2014,3.911
8/27/2014,3.957
8/28/2014,4.044
8/29/2014,4.065
9/2/2014,3.890
9/3/2014,3.847
9/4/2014,3.819
9/5/2014,3.793
9/8/2014,3.876
9/9/2014,3.984
9/10/2014,3.954
9/11/2014,3.823
9/12/2014,3.857
9/15/2014,3.931
9/16/2014,3.995
9/17/2014,4.013
9/18/2014,3.910
9/19/2014,3.837
9/22/2014,3.850
9/23/2014,3.816
9/24/2014,3.911
9/25/2014,3.971
9/26/2014,3.984
9/29/2014,4.154
9/30/2014,4.121
10/1/2014,4.023
10/2/2014,3.932
10/3/2014,4.039
10/6/2014,3.898
10/7/2014,3.957
10/8/2014,3.855
10/9/2014,3.845
10/10/2014,3.859
10/13/2014,3.916
10/14/2014,3.816
10/15/2014,3.800
10/16/2014,3.796
10/17/2014,3.766
10/20/2014,3.670
10/21/2014,3.711
10/22/2014,3.659
10/23/2014,3.622
10/24/2014,3.623
10/27/2014,3.561
10/28/2014,3.649
10/29/2014,3.728
10/30/2014,3.827
10/31/2014,3.873
11/3/2014,4.046
11/4/2014,4.129
11/5/2014,4.194
11/6/2014,4.404
11/7/2014,4.412
11/10/2014,4.255
11/11/2014,4.247
11/12/2014,4.185
11/13/2014,3.977
11/14/2014,4.020
11/17/2014,4.341
11/18/2014,4.244
11/19/2014,4.371
11/20/2014,4.489
11/21/2014,4.266
11/24/2014,4.151
11/25/2014,4.282
11/26/2014,4.355
11/28/2014,4.088
12/1/2014,4.007
12/2/2014,3.874
12/3/2014,3.805
12/4/2014,3.649
12/5/2014,3.802
12/8/2014,3.595
12/9/2014,3.652
12/10/2014,3.706
12/11/2014,3.634
12/12/2014,3.795
12/15/2014,3.719
12/16/2014,3.619
12/17/2014,3.702
12/18/2014,3.642
12/19/2014,3.464
12/22/2014,3.144
12/23/2014,3.171
12/24/2014,3.030
12/26/2014,3.007
12/29/2014,3.189
12/30/2014,3.094
12/31/2014,2.889
1/2/2015,3.003
1/5/2015,2.882
1/6/2015,2.938
1/7/2015,2.871
1/8/2015,2.927
1/9/2015,2.946
1/12/2015,2.795
1/13/2015,2.943
1/14/2015,3.233
1/15/2015,3.158
1/16/2015,3.127
1/20/2015,2.831
1/21/2015,2.974
1/22/2015,2.835
1/23/2015,2.986
1/26/2015,2.881
1/27/2015,2.981
1/28/2015,2.866
1/29/2015,2.719
1/30/2015,2.691
2/2/2015,2.680
2/3/2015,2.754
2/4/2015,2.662
2/5/2015,2.600
2/6/2015,2.579
2/9/2015,2.597
2/10/2015,2.677
2/11/2015,2.797
2/12/2015,2.713
2/13/2015,2.804
2/17/2015,2.759
2/18/2015,2.831
2/19/2015,2.834
2/20/2015,2.951
2/23/2015,2.879
2/24/2015,2.902
2/25/2015,2.894
2/26/2015,2.697
2/27/2015,2.734
3/2/2015,2.698
3/3/2015,2.712
3/4/2015,2.769
3/5/2015,2.841
3/6/2015,2.839
3/9/2015,2.678
3/10/2015,2.732
3/11/2015,2.824
3/12/2015,2.734
3/13/2015,2.727
3/16/2015,2.716
3/17/2015,2.855
3/18/2015,2.920
3/19/2015,2.813
3/20/2015,2.786
3/23/2015,2.733
3/24/2015,2.786
3/25/2015,2.723
3/26/2015,2.672
3/27/2015,2.590
3/30/2015,2.644
3/31/2015,2.640
4/1/2015,2.605
4/2/2015,2.713
4/6/2015,2.650
4/7/2015,2.680
4/8/2015,2.619
4/9/2015,2.528
4/10/2015,2.511
4/13/2015,2.511
4/14/2015,2.530
4/15/2015,2.610
4/16/2015,2.684
4/17/2015,2.634
4/20/2015,2.536
4/21/2015,2.575
4/22/2015,2.606
4/23/2015,2.531
4/24/2015,2.531
4/27/2015,2.490
4/28/2015,2.517
4/29/2015,2.606
4/30/2015,2.751
5/1/2015,2.776
5/4/2015,2.821
5/5/2015,2.780
5/6/2015,2.776
5/7/2015,2.734
5/8/2015,2.880
5/11/2015,2.802
5/12/2015,2.897
5/13/2015,2.935
5/14/2015,3.008
5/15/2015,3.016
5/18/2015,3.010
5/19/2015,2.948
5/20/2015,2.915
5/21/2015,2.949
5/22/2015,2.887
5/26/2015,2.822
5/27/2015,2.815
5/28/2015,2.706
5/29/2015,2.642
6/1/2015,2.649
6/2/2015,2.698
6/3/2015,2.634
6/4/2015,2.626
6/5/2015,2.590
6/8/2015,2.705
6/9/2015,2.846
6/10/2015,2.891
6/11/2015,2.825
6/12/2015,2.750
6/15/2015,2.889
6/16/2015,2.894
6/17/2015,2.855
6/18/2015,2.777
6/19/2015,2.816
6/22/2015,2.733
6/23/2015,2.726
6/24/2015,2.759
6/25/2015,2.850
6/26/2015,2.773
6/29/2015,2.805
6/30/2015,2.832
7/1/2015,2.783
7/2/2015,2.822
7/6/2015,2.756
7/7/2015,2.716
7/8/2015,2.685
7/9/2015,2.726
7/10/2015,2.770
7/13/2015,2.864
7/14/2015,2.840
7/15/2015,2.918
7/16/2015,2.854
7/17/2015,2.870
7/20/2015,2.823
7/21/2015,2.882
7/22/2015,2.897
7/23/2015,2.816
7/24/2015,2.776
7/27/2015,2.789
7/28/2015,2.821
7/29/2015,2.886
7/30/2015,2.768
7/31/2015,2.716
8/3/2015,2.748
8/4/2015,2.812
8/5/2015,2.798
8/6/2015,2.813
8/7/2015,2.798
8/10/2015,2.842
8/11/2015,2.844
8/12/2015,2.931
8/13/2015,2.787
8/14/2015,2.801
8/17/2015,2.728
8/18/2015,2.704
8/19/2015,2.716
8/20/2015,2.755
8/21/2015,2.676
8/24/2015,2.650
8/25/2015,2.685
8/26/2015,2.693
8/27/2015,2.638
8/28/2015,2.715
8/31/2015,2.689
9/1/2015,2.702
9/2/2015,2.648
9/3/2015,2.725
9/4/2015,2.655
9/8/2015,2.710
9/9/2015,2.651
9/10/2015,2.683
9/11/2015,2.693
9/14/2015,2.758
9/15/2015,2.728
9/16/2015,2.660
9/17/2015,2.652
9/18/2015,2.605
9/21/2015,2.573
9/22/2015,2.577
9/23/2015,2.569
9/24/2015,2.591
9/25/2015,2.564
9/28/2015,2.563
9/29/2015,2.586
9/30/2015,2.524
10/1/2015,2.433
10/2/2015,2.451
10/5/2015,2.450
10/6/2015,2.470
10/7/2015,2.474
10/8/2015,2.498
10/9/2015,2.502
10/12/2015,2.535
10/13/2015,2.498
10/14/2015,2.518
10/15/2015,2.453
10/16/2015,2.430
10/19/2015,2.442
10/20/2015,2.476
10/21/2015,2.404
10/22/2015,2.386
10/23/2015,2.286
10/26/2015,2.062
10/27/2015,2.092
10/28/2015,2.033
10/29/2015,2.257
10/30/2015,2.321
11/2/2015,2.256
11/3/2015,2.253
11/4/2015,2.262
11/5/2015,2.364
11/6/2015,2.371
11/9/2015,2.300
11/10/2015,2.320
11/11/2015,2.263
11/12/2015,2.260
11/13/2015,2.361
11/16/2015,2.385
11/17/2015,2.371
11/18/2015,2.347
11/19/2015,2.276
11/20/2015,2.145
11/23/2015,2.210
11/24/2015,2.200
11/25/2015,2.206
11/27/2015,2.212
11/30/2015,2.235
12/1/2015,2.231
12/2/2015,2.165
12/3/2015,2.181
12/4/2015,2.186
12/7/2015,2.067
12/8/2015,2.070
12/9/2015,2.062
12/10/2015,2.015
12/11/2015,1.990
12/14/2015,1.894
12/15/2015,1.822
12/16/2015,1.790
12/17/2015,1.755
12/18/2015,1.767
12/21/2015,1.911
12/22/2015,1.888
12/23/2015,1.983
12/24/2015,2.029
12/28/2015,2.228
12/29/2015,2.372
12/30/2015,2.214
12/31/2015,2.337
1/4/2016,2.334
1/5/2016,2.325
1/6/2016,2.267
1/7/2016,2.382
1/8/2016,2.472
1/11/2016,2.396
1/12/2016,2.257
1/13/2016,2.269
1/14/2016,2.139
1/15/2016,2.100
1/19/2016,2.091
1/20/2016,2.118
1/21/2016,2.138
1/22/2016,2.139
1/25/2016,2.158
1/26/2016,2.180
1/27/2016,2.189
1/28/2016,2.182
1/29/2016,2.298
2/1/2016,2.152
2/2/2016,2.025
2/3/2016,2.038
2/4/2016,1.972
2/5/2016,2.063
2/8/2016,2.140
2/9/2016,2.098
2/10/2016,2.046
2/11/2016,1.994
2/12/2016,1.966
2/16/2016,1.903
2/17/2016,1.942
2/18/2016,1.852
2/19/2016,1.804
2/22/2016,1.821
2/23/2016,1.782
2/24/2016,1.778
2/25/2016,1.711
2/26/2016,1.791
2/29/2016,1.711
3/1/2016,1.742
3/2/2016,1.678
3/3/2016,1.639
3/4/2016,1.666
3/7/2016,1.690
3/8/2016,1.712
3/9/2016,1.752
3/10/2016,1.788
3/11/2016,1.822
3/14/2016,1.819
3/15/2016,1.851
3/16/2016,1.868
3/17/2016,1.936
3/18/2016,1.907
3/21/2016,1.828
3/22/2016,1.863
3/23/2016,1.794
3/24/2016,1.806
3/28/2016,1.848
3/29/2016,1.903
3/30/2016,1.996
3/31/2016,1.959
4/1/2016,1.956
4/4/2016,1.998
4/5/2016,1.954
4/6/2016,1.911
4/7/2016,2.018
4/8/2016,1.990
4/11/2016,1.912
4/12/2016,2.004
4/13/2016,2.036
4/14/2016,1.970
4/15/2016,1.902
4/18/2016,1.940
4/19/2016,2.088
4/20/2016,2.069
4/21/2016,2.068
4/22/2016,2.140
4/25/2016,2.063
4/26/2016,2.032
4/27/2016,1.995
4/28/2016,2.078
4/29/2016,2.178
5/2/2016,2.042
5/3/2016,2.086
5/4/2016,2.141
5/5/2016,2.076
5/6/2016,2.101
5/9/2016,2.098
5/10/2016,2.158
5/11/2016,2.173
5/12/2016,2.155
5/13/2016,2.096
5/16/2016,2.029
5/17/2016,2.048
5/18/2016,2.001
5/19/2016,2.039
5/20/2016,2.062
5/23/2016,2.055
5/24/2016,1.980
5/25/2016,1.992
5/26/2016,1.963
5/27/2016,2.169
5/31/2016,2.288
6/1/2016,2.381
6/2/2016,2.405
6/3/2016,2.398
6/6/2016,2.466
6/7/2016,2.474
6/8/2016,2.468
6/9/2016,2.617
6/10/2016,2.556
6/13/2016,2.585
6/14/2016,2.604
6/15/2016,2.595
6/16/2016,2.580
6/17/2016,2.623
6/20/2016,2.747
6/21/2016,2.768
6/22/2016,2.677
6/23/2016,2.698
6/24/2016,2.662
6/27/2016,2.716
6/28/2016,2.917
6/29/2016,2.863
6/30/2016,2.924
7/1/2016,2.987
7/5/2016,2.764
7/6/2016,2.786
7/7/2016,2.777
7/8/2016,2.801
7/11/2016,2.702
7/12/2016,2.734
7/13/2016,2.737
7/14/2016,2.727
7/15/2016,2.756
7/18/2016,2.722
7/19/2016,2.728
7/20/2016,2.658
7/21/2016,2.692
7/22/2016,2.777
7/25/2016,2.747
7/26/2016,2.712
7/27/2016,2.672
7/28/2016,2.873
7/29/2016,2.876
8/1/2016,2.771
8/2/2016,2.733
8/3/2016,2.839
8/4/2016,2.834
8/5/2016,2.772
8/8/2016,2.748
8/9/2016,2.615
8/10/2016,2.561
8/11/2016,2.551
8/12/2016,2.586
8/15/2016,2.590
8/16/2016,2.617
8/17/2016,2.619
8/18/2016,2.674
8/19/2016,2.584
8/22/2016,2.679
8/23/2016,2.761
8/24/2016,2.796
8/25/2016,2.846
8/26/2016,2.871
8/29/2016,2.853
8/30/2016,2.827
8/31/2016,2.887
9/1/2016,2.792
9/2/2016,2.792
9/6/2016,2.717
9/7/2016,2.676
9/8/2016,2.806
9/9/2016,2.797
9/12/2016,2.915
9/13/2016,2.909
9/14/2016,2.889
9/15/2016,2.927
9/16/2016,2.948
9/19/2016,2.934
9/20/2016,3.047
9/21/2016,3.057
9/22/2016,2.990
9/23/2016,2.955
9/26/2016,2.997
9/27/2016,2.996
9/28/2016,2.952
9/29/2016,2.959
9/30/2016,2.906
10/3/2016,2.923
10/4/2016,2.964
10/5/2016,3.041
10/6/2016,3.049
10/7/2016,3.193
10/10/2016,3.275
10/11/2016,3.237
10/12/2016,3.210
10/13/2016,3.341
10/14/2016,3.285
10/17/2016,3.244
10/18/2016,3.263
10/19/2016,3.170
10/20/2016,3.141
10/21/2016,2.993
10/24/2016,2.831
10/25/2016,2.774
10/26/2016,2.731
10/27/2016,2.764
10/28/2016,3.105
10/31/2016,3.026
11/1/2016,2.902
11/2/2016,2.792
11/3/2016,2.769
11/4/2016,2.767
11/7/2016,2.816
11/8/2016,2.633
11/9/2016,2.690
11/10/2016,2.632
11/11/2016,2.619
11/14/2016,2.749
11/15/2016,2.709
11/16/2016,2.764
11/17/2016,2.703
11/18/2016,2.843
11/21/2016,2.950
11/22/2016,2.982
11/23/2016,3.026
11/25/2016,3.085
11/28/2016,3.232
11/29/2016,3.315
11/30/2016,3.352
12/1/2016,3.505
12/2/2016,3.436
12/5/2016,3.654
12/6/2016,3.635
12/7/2016,3.603
12/8/2016,3.695
12/9/2016,3.746
12/12/2016,3.507
12/13/2016,3.474
12/14/2016,3.540
12/15/2016,3.434
12/16/2016,3.415
12/19/2016,3.392
12/20/2016,3.263
12/21/2016,3.542
12/22/2016,3.538
12/23/2016,3.662
12/27/2016,3.761
12/28/2016,3.930
12/29/2016,3.802
12/30/2016,3.724
1/3/2017,3.327
1/4/2017,3.267
1/5/2017,3.273
1/6/2017,3.285
1/9/2017,3.103
1/10/2017,3.278
1/11/2017,3.224
1/12/2017,3.386
1/13/2017,3.419
1/17/2017,3.412
1/18/2017,3.302
1/19/2017,3.368
1/20/2017,3.204
1/23/2017,3.243
1/24/2017,3.279
1/25/2017,3.332
1/26/2017,3.382
1/27/2017,3.391
1/30/2017,3.232
1/31/2017,3.117
2/1/2017,3.168
2/2/2017,3.187
2/3/2017,3.063
2/6/2017,3.050
2/7/2017,3.130
2/8/2017,3.126
2/9/2017,3.141
2/10/2017,3.034
2/13/2017,2.944
2/14/2017,2.905
2/15/2017,2.925
2/16/2017,2.854
2/17/2017,2.834
2/21/2017,2.564
2/22/2017,2.592
2/23/2017,2.617
2/24/2017,2.627
2/27/2017,2.693
2/28/2017,2.774
3/1/2017,2.799
3/2/2017,2.804
3/3/2017,2.827
3/6/2017,2.901
3/7/2017,2.824
3/8/2017,2.901
3/9/2017,2.974
3/10/2017,3.008
3/13/2017,3.043
3/14/2017,2.938
3/15/2017,2.981
3/16/2017,2.902
3/17/2017,2.948
3/20/2017,3.041
3/21/2017,3.093
3/22/2017,3.011
3/23/2017,3.051
3/24/2017,3.076
3/27/2017,3.052
3/28/2017,3.096
3/29/2017,3.175
3/30/2017,3.191
3/31/2017,3.190
4/3/2017,3.128
4/4/2017,3.293
4/5/2017,3.266
4/6/2017,3.331
4/7/2017,3.261
4/10/2017,3.238
4/11/2017,3.150
4/12/2017,3.187
4/13/2017,3.227
4/17/2017,3.163
4/18/2017,3.145
4/19/2017,3.185
4/20/2017,3.159
4/21/2017,3.101
4/24/2017,3.066
4/25/2017,3.043
4/26/2017,3.142
4/27/2017,3.239
4/28/2017,3.276
5/1/2017,3.215
5/2/2017,3.195
5/3/2017,3.228
5/4/2017,3.186
5/5/2017,3.266
5/8/2017,3.172
5/9/2017,3.227
5/10/2017,3.292
5/11/2017,3.376
5/12/2017,3.424
5/15/2017,3.349
5/16/2017,3.230
5/17/2017,3.192
5/18/2017,3.182
5/19/2017,3.256
5/22/2017,3.330
5/23/2017,3.219
5/24/2017,3.209
5/25/2017,3.184
5/26/2017,3.236
5/30/2017,3.145
5/31/2017,3.071
6/1/2017,3.008
6/2/2017,2.999
6/5/2017,2.982
6/6/2017,3.042
6/7/2017,3.020
6/8/2017,3.028
6/9/2017,3.039
6/12/2017,3.024
6/13/2017,2.966
6/14/2017,2.933
6/15/2017,3.056
6/16/2017,3.037
6/19/2017,2.894
6/20/2017,2.907
6/21/2017,2.893
6/22/2017,2.894
6/23/2017,2.929
6/26/2017,3.027
6/27/2017,3.037
6/28/2017,3.067
6/29/2017,3.042
6/30/2017,3.035
7/3/2017,2.951
7/5/2017,2.840
7/6/2017,2.888
7/7/2017,2.864
7/10/2017,2.929
7/11/2017,3.047
7/12/2017,2.985
7/13/2017,2.961
7/14/2017,2.980
7/17/2017,3.020
7/18/2017,3.088
7/19/2017,3.066
7/20/2017,3.043
7/21/2017,2.970
7/24/2017,2.899
7/25/2017,2.944
7/26/2017,2.924
7/27/2017,2.969
7/28/2017,2.941
7/31/2017,2.794
8/1/2017,2.819
8/2/2017,2.811
8/3/2017,2.800
8/4/2017,2.774
8/7/2017,2.801
8/8/2017,2.822
8/9/2017,2.883
8/10/2017,2.985
8/11/2017,2.983
8/14/2017,2.959
8/15/2017,2.935
8/16/2017,2.890
8/17/2017,2.929
8/18/2017,2.893
8/21/2017,2.962
8/22/2017,2.939
8/23/2017,2.928
8/24/2017,2.949
8/25/2017,2.892
8/28/2017,2.925
8/29/2017,2.961
8/30/2017,2.939
8/31/2017,3.040
9/1/2017,3.070
9/5/2017,2.972
9/6/2017,3.000
9/7/2017,2.981
9/8/2017,2.890
9/11/2017,2.950
9/12/2017,3.001
9/13/2017,3.058
9/14/2017,3.070
9/15/2017,3.024
9/18/2017,3.146
9/19/2017,3.122
9/20/2017,3.094
9/21/2017,2.946
9/22/2017,2.959
9/25/2017,2.919
9/26/2017,2.918
9/27/2017,2.974
9/28/2017,3.017
9/29/2017,3.007
10/2/2017,2.916
10/3/2017,2.895
10/4/2017,2.940
10/5/2017,2.923
10/6/2017,2.863
10/9/2017,2.833
10/10/2017,2.891
10/11/2017,2.889
10/12/2017,2.989
10/13/2017,3.000
10/16/2017,2.946
10/17/2017,2.962
10/18/2017,2.854
10/19/2017,2.873
10/20/2017,2.915
10/23/2017,2.991
10/24/2017,2.974
10/25/2017,2.919
10/26/2017,2.890
10/27/2017,2.752
10/30/2017,2.966
10/31/2017,2.896
11/1/2017,2.893
11/2/2017,2.935
11/3/2017,2.984
11/6/2017,3.134
11/7/2017,3.152
11/8/2017,3.175
11/9/2017,3.200
11/10/2017,3.213
11/13/2017,3.167
11/14/2017,3.102
11/15/2017,3.080
11/16/2017,3.053
11/17/2017,3.097
11/20/2017,3.047
11/21/2017,3.017
11/22/2017,2.968
11/24/2017,2.813
11/27/2017,2.928
11/28/2017,3.074
11/29/2017,3.179
11/30/2017,3.025
12/1/2017,3.061
12/4/2017,2.985
12/5/2017,2.914
12/6/2017,2.922
12/7/2017,2.763
12/8/2017,2.772
12/11/2017,2.828
12/12/2017,2.678
12/13/2017,2.715
12/14/2017,2.684
12/15/2017,2.612
12/18/2017,2.745
12/19/2017,2.692
12/20/2017,2.637
12/21/2017,2.598
12/22/2017,2.667
12/26/2017,2.643
12/27/2017,2.738
12/28/2017,2.914
12/29/2017,2.953
1/2/2018,3.056
1/3/2018,3.008
1/4/2018,2.880
1/5/2018,2.795
1/8/2018,2.835
1/9/2018,2.923
1/10/2018,2.906
1/11/2018,3.084
1/12/2018,3.200
1/16/2018,3.129
1/17/2018,3.232
1/18/2018,3.189
1/19/2018,3.185
1/22/2018,3.224
1/23/2018,3.444
1/24/2018,3.509
1/25/2018,3.447
1/26/2018,3.505
1/29/2018,3.631
1/30/2018,3.195
1/31/2018,2.995
2/1/2018,2.856
2/2/2018,2.846
2/5/2018,2.747
2/6/2018,2.759
2/7/2018,2.702
2/8/2018,2.697
2/9/2018,2.584
2/12/2018,2.552
2/13/2018,2.594
2/14/2018,2.587
2/15/2018,2.580
2/16/2018,2.558
2/20/2018,2.616
2/21/2018,2.659
2/22/2018,2.634
2/23/2018,2.625
2/26/2018,2.639
2/27/2018,2.683
2/28/2018,2.667
3/1/2018,2.698
3/2/2018,2.695
3/5/2018,2.704
3/6/2018,2.749
3/7/2018,2.777
3/8/2018,2.756
3/9/2018,2.732
3/12/2018,2.778
3/13/2018,2.786
3/14/2018,2.731
3/15/2018,2.681
3/16/2018,2.688
3/19/2018,2.651
3/20/2018,2.675
3/21/2018,2.638
3/22/2018,2.617
3/23/2018,2.591
3/26/2018,2.618
3/27/2018,2.691
3/28/2018,2.698
3/29/2018,2.733
4/2/2018,2.683
4/3/2018,2.697
4/4/2018,2.718
4/5/2018,2.675
4/6/2018,2.701
4/9/2018,2.693
4/10/2018,2.656
4/11/2018,2.675
4/12/2018,2.686
4/13/2018,2.735
4/16/2018,2.752
4/17/2018,2.738
4/18/2018,2.739
4/19/2018,2.660
4/20/2018,2.739
4/23/2018,2.740
4/24/2018,2.781
4/25/2018,2.786
4/26/2018,2.821
4/27/2018,2.771
4/30/2018,2.763
5/1/2018,2.802
5/2/2018,2.754
5/3/2018,2.726
5/4/2018,2.711
5/7/2018,2.741
5/8/2018,2.732
5/9/2018,2.737
5/10/2018,2.814
5/11/2018,2.806
5/14/2018,2.842
5/15/2018,2.836
5/16/2018,2.815
5/17/2018,2.859
5/18/2018,2.847
5/21/2018,2.810
5/22/2018,2.908
5/23/2018,2.914
5/24/2018,2.940
5/25/2018,2.939
5/29/2018,2.875
5/30/2018,2.885
5/31/2018,2.952
6/1/2018,2.962
6/4/2018,2.930
6/5/2018,2.890
6/6/2018,2.896
6/7/2018,2.930
6/8/2018,2.890
6/11/2018,2.949
6/12/2018,2.939
6/13/2018,2.963
6/14/2018,2.965
6/15/2018,3.022
6/18/2018,2.951
6/19/2018,2.900
6/20/2018,2.964
6/21/2018,2.975
6/22/2018,2.945
6/25/2018,2.923
6/26/2018,2.939
6/27/2018,2.996
6/28/2018,2.940
6/29/2018,2.924
7/2/2018,2.862
7/3/2018,2.870
7/5/2018,2.837
7/6/2018,2.858
7/9/2018,2.828
7/10/2018,2.788
7/11/2018,2.829
7/12/2018,2.797
7/13/2018,2.752
7/16/2018,2.759
7/17/2018,2.740
7/18/2018,2.721
7/19/2018,2.769
7/20/2018,2.757
7/23/2018,2.721
7/24/2018,2.732
7/25/2018,2.775
7/26/2018,2.780
7/27/2018,2.822
7/30/2018,2.797
7/31/2018,2.782
8/1/2018,2.758
8/2/2018,2.816
8/3/2018,2.853
8/6/2018,2.860
8/7/2018,2.897
8/8/2018,2.949
8/9/2018,2.955
8/10/2018,2.944
8/13/2018,2.930
8/14/2018,2.959
8/15/2018,2.940
8/16/2018,2.908
8/17/2018,2.946
8/20/2018,2.941
8/21/2018,2.980
8/22/2018,2.956
8/23/2018,2.964
8/24/2018,2.917
8/27/2018,2.876
8/28/2018,2.852
8/29/2018,2.895
8/30/2018,2.874
8/31/2018,2.916
9/4/2018,2.823
9/5/2018,2.795
9/6/2018,2.772
9/7/2018,2.776
9/10/2018,2.804
9/11/2018,2.828
9/12/2018,2.829
9/13/2018,2.817
9/14/2018,2.767
9/17/2018,2.814
9/18/2018,2.933
9/19/2018,2.908
9/20/2018,2.976
9/21/2018,2.977
9/24/2018,3.038
9/25/2018,3.082
9/26/2018,3.021
9/27/2018,3.056
9/28/2018,3.008
10/1/2018,3.094
10/2/2018,3.166
10/3/2018,3.230
10/4/2018,3.165
10/5/2018,3.143
10/8/2018,3.267
10/9/2018,3.266
10/10/2018,3.284
10/11/2018,3.222
10/12/2018,3.161
10/15/2018,3.242
10/16/2018,3.239
10/17/2018,3.320
10/18/2018,3.198
10/19/2018,3.250
10/22/2018,3.138
10/23/2018,3.212
10/24/2018,3.166
10/25/2018,3.202
10/26/2018,3.185
10/29/2018,3.185
10/30/2018,3.187
10/31/2018,3.261
11/1/2018,3.237
11/2/2018,3.284
11/5/2018,3.567
11/6/2018,3.555
11/7/2018,3.555
11/8/2018,3.543
11/9/2018,3.719
11/12/2018,3.788
11/13/2018,4.101
11/14/2018,4.837
11/15/2018,4.038
11/16/2018,4.272
11/19/2018,4.700
11/20/2018,4.523
11/21/2018,4.451
11/23/2018,4.308
11/26/2018,4.248
11/27/2018,4.262
11/28/2018,4.715
11/29/2018,4.646
11/30/2018,4.612
12/3/2018,4.339
12/4/2018,4.469
12/5/2018,4.469
12/6/2018,4.327
12/7/2018,4.488
12/10/2018,4.545
12/11/2018,4.407
12/12/2018,4.136
12/13/2018,4.124
12/14/2018,3.827
12/17/2018,3.528
12/18/2018,3.838
12/19/2018,3.726
12/20/2018,3.583
12/21/2018,3.816
12/24/2018,3.467
12/26/2018,3.543
12/27/2018,3.642
12/28/2018,3.303
12/31/2018,2.940
1/2/2019,2.958
1/3/2019,2.945
1/4/2019,3.044
1/7/2019,2.944
1/8/2019,2.967
1/9/2019,2.984
1/10/2019,2.969
1/11/2019,3.099
1/14/2019,3.591
1/15/2019,3.501
1/16/2019,3.384
1/17/2019,3.413
1/18/2019,3.482
1/22/2019,3.040
1/23/2019,2.980
1/24/2019,3.099
1/25/2019,3.178
1/28/2019,2.911
1/29/2019,2.950
1/30/2019,2.854
1/31/2019,2.814
2/1/2019,2.734
2/4/2019,2.660
2/5/2019,2.662
2/6/2019,2.662
2/7/2019,2.551
2/8/2019,2.583
2/11/2019,2.642
2/12/2019,2.688
2/13/2019,2.575
2/14/2019,2.573
2/15/2019,2.625
2/19/2019,2.662
2/20/2019,2.636
2/21/2019,2.697
2/22/2019,2.717
2/25/2019,2.836
2/26/2019,2.855
2/27/2019,2.799
2/28/2019,2.812
3/1/2019,2.859
3/4/2019,2.857
3/5/2019,2.884
3/6/2019,2.841
3/7/2019,2.866
3/8/2019,2.865
3/11/2019,2.772
3/12/2019,2.784
3/13/2019,2.820
3/14/2019,2.855
3/15/2019,2.795
3/18/2019,2.850
3/19/2019,2.874
3/20/2019,2.820
3/21/2019,2.821
3/22/2019,2.753
3/25/2019,2.755
3/26/2019,2.740
3/27/2019,2.713
3/28/2019,2.712
3/29/2019,2.662
4/1/2019,2.708
4/2/2019,2.684
4/3/2019,2.677
4/4/2019,2.643
4/5/2019,2.664
4/8/2019,2.708
4/9/2019,2.699
4/10/2019,2.700
4/11/2019,2.664
4/12/2019,2.660
4/15/2019,2.590
4/16/2019,2.572
4/17/2019,2.517
4/18/2019,2.490
4/22/2019,2.524
4/23/2019,2.455
4/24/2019,2.462
4/25/2019,2.514
4/26/2019,2.566
4/29/2019,2.593
4/30/2019,2.575
5/1/2019,2.620
5/2/2019,2.589
5/3/2019,2.567
5/6/2019,2.524
5/7/2019,2.537
5/8/2019,2.610
5/9/2019,2.595
5/10/2019,2.619
5/13/2019,2.621
5/14/2019,2.659
5/15/2019,2.601
5/16/2019,2.639
5/17/2019,2.631
5/20/2019,2.673
5/21/2019,2.613
5/22/2019,2.543
5/23/2019,2.578
5/24/2019,2.598
5/28/2019,2.582
5/29/2019,2.633
5/30/2019,2.547
5/31/2019,2.454
6/3/2019,2.403
6/4/2019,2.416
6/5/2019,2.378
6/6/2019,2.324
6/7/2019,2.337
6/10/2019,2.357
6/11/2019,2.399
6/12/2019,2.386
6/13/2019,2.325
6/14/2019,2.387
6/17/2019,2.386
6/18/2019,2.328
6/19/2019,2.276
6/20/2019,2.185
6/21/2019,2.186
6/24/2019,2.303
6/25/2019,2.308
6/26/2019,2.291
6/27/2019,2.324
6/28/2019,2.308
7/1/2019,2.267
7/2/2019,2.240
7/3/2019,2.290
7/5/2019,2.418
7/8/2019,2.403
7/9/2019,2.425
7/10/2019,2.444
7/11/2019,2.416
7/12/2019,2.453
7/15/2019,2.408
7/16/2019,2.306
7/17/2019,2.304
7/18/2019,2.287
7/19/2019,2.251
7/22/2019,2.312
7/23/2019,2.300
7/24/2019,2.220
7/25/2019,2.244
7/26/2019,2.169
7/29/2019,2.141
7/30/2019,2.137
7/31/2019,2.233
8/1/2019,2.202
8/2/2019,2.121
8/5/2019,2.070
8/6/2019,2.111
8/7/2019,2.083
8/8/2019,2.128
8/9/2019,2.119
8/12/2019,2.105
8/13/2019,2.147
8/14/2019,2.143
8/15/2019,2.232
8/16/2019,2.200
8/19/2019,2.210
8/20/2019,2.218
8/21/2019,2.170
8/22/2019,2.159
8/23/2019,2.152
8/26/2019,2.230
8/27/2019,2.202
8/28/2019,2.251
8/29/2019,2.296
8/30/2019,2.285
9/3/2019,2.358
9/4/2019,2.445
9/5/2019,2.435
9/6/2019,2.496
9/9/2019,2.585
9/10/2019,2.580
9/11/2019,2.552
9/12/2019,2.574
9/13/2019,2.614
9/16/2019,2.681
9/17/2019,2.668
9/18/2019,2.637
9/19/2019,2.538
9/20/2019,2.534
9/23/2019,2.527
9/24/2019,2.503
9/25/2019,2.502
9/26/2019,2.428
9/27/2019,2.404
9/30/2019,2.330
10/1/2019,2.283
10/2/2019,2.247
10/3/2019,2.329
10/4/2019,2.352
10/7/2019,2.303
10/8/2019,2.288
10/9/2019,2.234
10/10/2019,2.218
10/11/2019,2.214
10/14/2019,2.280
10/15/2019,2.339
10/16/2019,2.303
10/17/2019,2.318
10/18/2019,2.320
10/21/2019,2.238
10/22/2019,2.272
10/23/2019,2.282
10/24/2019,2.316
10/25/2019,2.300
10/28/2019,2.446
10/29/2019,2.597
10/30/2019,2.691
10/31/2019,2.633
11/1/2019,2.714
11/4/2019,2.821
11/5/2019,2.862
11/6/2019,2.828
11/7/2019,2.772
11/8/2019,2.789
11/11/2019,2.637
11/12/2019,2.621
11/13/2019,2.600
11/14/2019,2.647
11/15/2019,2.688
11/18/2019,2.566
11/19/2019,2.510
11/20/2019,2.559
11/21/2019,2.567
11/22/2019,2.665
11/25/2019,2.531
11/26/2019,2.470
11/27/2019,2.501
11/29/2019,2.281
12/2/2019,2.329
12/3/2019,2.441
12/4/2019,2.399
12/5/2019,2.427
12/6/2019,2.334
12/9/2019,2.232
12/10/2019,2.264
12/11/2019,2.243
12/12/2019,2.328
12/13/2019,2.296
12/16/2019,2.341
12/17/2019,2.319
12/18/2019,2.286
12/19/2019,2.273
12/20/2019,2.328
12/23/2019,2.214
12/24/2019,2.172
12/26/2019,2.294
12/27/2019,2.158
12/30/2019,2.186
12/31/2019,2.189
1/2/2020,2.122
1/3/2020,2.130
1/6/2020,2.135
1/7/2020,2.162
1/8/2020,2.141
1/9/2020,2.166
1/10/2020,2.202
1/13/2020,2.182
1/14/2020,2.187
1/15/2020,2.120
1/16/2020,2.077
1/17/2020,2.003
1/21/2020,1.895
1/22/2020,1.905
1/23/2020,1.926
1/24/2020,1.893
1/27/2020,1.902
1/28/2020,1.934
1/29/2020,1.877
1/30/2020,1.829
1/31/2020,1.841
2/3/2020,1.819
2/4/2020,1.872
2/5/2020,1.861
2/6/2020,1.862
2/7/2020,1.858
2/10/2020,1.766
2/11/2020,1.788
2/12/2020,1.844
2/13/2020,1.826
2/14/2020,1.837
2/18/2020,1.981
2/19/2020,1.955
2/20/2020,1.920
2/21/2020,1.905
2/24/2020,1.827
2/25/2020,1.847
2/26/2020,1.821
2/27/2020,1.752
2/28/2020,1.684
3/2/2020,1.756
3/3/2020,1.800
3/4/2020,1.827
3/5/2020,1.772
3/6/2020,1.708
3/9/2020,1.778
3/10/2020,1.936
3/11/2020,1.878
3/12/2020,1.841
3/13/2020,1.869
3/16/2020,1.815
3/17/2020,1.729
3/18/2020,1.604
3/19/2020,1.654
3/20/2020,1.604
3/23/2020,1.602
3/24/2020,1.653
3/25/2020,1.659
3/26/2020,1.637
3/27/2020,1.634
3/30/2020,1.690
3/31/2020,1.640
4/1/2020,1.587
4/2/2020,1.552
4/3/2020,1.621
4/6/2020,1.731
4/7/2020,1.852
4/8/2020,1.783
4/9/2020,1.733
4/13/2020,1.724
4/14/2020,1.650
4/15/2020,1.598
4/16/2020,1.686
4/17/2020,1.753
4/20/2020,1.924
4/21/2020,1.821
4/22/2020,1.939
4/23/2020,1.815
4/24/2020,1.746
4/27/2020,1.819
4/28/2020,1.794
4/29/2020,1.869
4/30/2020,1.949
5/1/2020,1.890
5/4/2020,1.993
5/5/2020,2.134
5/6/2020,1.944
5/7/2020,1.894
5/8/2020,1.823
5/11/2020,1.826
5/12/2020,1.720
5/13/2020,1.616
5/14/2020,1.681
5/15/2020,1.646
5/18/2020,1.783
5/19/2020,1.830
5/20/2020,1.771
5/21/2020,1.710
5/22/2020,1.731
5/26/2020,1.793
5/27/2020,1.722
5/28/2020,1.827
5/29/2020,1.849
6/1/2020,1.774
6/2/2020,1.777
6/3/2020,1.821
6/4/2020,1.822
6/5/2020,1.782
6/8/2020,1.789
6/9/2020,1.767
6/10/2020,1.780
6/11/2020,1.813
6/12/2020,1.731
6/15/2020,1.669
6/16/2020,1.614
6/17/2020,1.638
6/18/2020,1.638
6/19/2020,1.669
6/22/2020,1.664
6/23/2020,1.637
6/24/2020,1.597
6/25/2020,1.482
6/26/2020,1.495
6/29/2020,1.709
6/30/2020,1.751
7/1/2020,1.671
7/2/2020,1.734
7/6/2020,1.830
7/7/2020,1.876
7/8/2020,1.824
7/9/2020,1.779
7/10/2020,1.805
7/13/2020,1.739
7/14/2020,1.746
7/15/2020,1.778
7/16/2020,1.723
7/17/2020,1.718
7/20/2020,1.641
7/21/2020,1.675
7/22/2020,1.681
7/23/2020,1.785
7/24/2020,1.808
7/27/2020,1.734
7/29/2020,1.854
7/30/2020,1.829
7/31/2020,1.799
8/3/2020,2.101
8/4/2020,2.193
8/5/2020,2.191
8/6/2020,2.165
8/7/2020,2.238
8/10/2020,2.153
8/11/2020,2.171
8/12/2020,2.152
8/13/2020,2.182
8/14/2020,2.356
8/17/2020,2.339
8/18/2020,2.417
8/19/2020,2.426
8/20/2020,2.352
8/21/2020,2.448
8/24/2020,2.513
8/25/2020,2.489
8/26/2020,2.461
8/27/2020,2.579
8/28/2020,2.657
8/31/2020,2.630
9/1/2020,2.527
9/2/2020,2.486
9/3/2020,2.487
9/4/2020,2.588
9/8/2020,2.400
9/9/2020,2.406
9/10/2020,2.323
9/11/2020,2.269
9/14/2020,2.310
9/15/2020,2.362
9/16/2020,2.267
9/17/2020,2.042
9/18/2020,2.048
9/21/2020,1.835
9/22/2020,1.834
9/23/2020,2.125
9/24/2020,2.248
9/25/2020,2.139
9/28/2020,2.101
9/29/2020,2.561
9/30/2020,2.527
10/1/2020,2.527
10/2/2020,2.438
10/5/2020,2.615
10/6/2020,2.520
10/7/2020,2.606
10/8/2020,2.627
10/9/2020,2.741
10/12/2020,2.881
10/13/2020,2.855
10/14/2020,2.636
10/15/2020,2.775
10/16/2020,2.773
10/19/2020,2.795
10/20/2020,2.913
10/21/2020,3.023
10/22/2020,3.007
10/23/2020,2.971
10/26/2020,3.024
10/27/2020,3.019
10/28/2020,2.996
10/29/2020,3.301
10/30/2020,3.354
11/2/2020,3.244
11/3/2020,3.059
11/4/2020,3.046
11/5/2020,2.942
11/6/2020,2.888
11/9/2020,2.859
11/10/2020,2.949
11/11/2020,3.031
11/12/2020,2.976
11/13/2020,2.995
11/16/2020,2.697
11/17/2020,2.692
11/18/2020,2.712
11/19/2020,2.592
11/20/2020,2.650
11/23/2020,2.711
11/24/2020,2.775
11/25/2020,2.896
11/27/2020,2.843
11/30/2020,2.882
12/1/2020,2.880
12/2/2020,2.780
12/3/2020,2.507
12/4/2020,2.575
12/7/2020,2.406
12/8/2020,2.399
12/9/2020,2.442
12/10/2020,2.553
12/11/2020,2.591
12/14/2020,2.682
12/15/2020,2.682
12/16/2020,2.677
12/17/2020,2.636
12/18/2020,2.700
12/21/2020,2.705
12/22/2020,2.780
12/23/2020,2.608
12/24/2020,2.518
12/28/2020,2.305
12/29/2020,2.467
12/30/2020,2.422
12/31/2020,2.539
1/4/2021,2.581
1/5/2021,2.702
1/6/2021,2.716
1/7/2021,2.729
1/8/2021,2.700
1/11/2021,2.747
1/12/2021,2.753
1/13/2021,2.727
1/14/2021,2.666
1/15/2021,2.737
1/19/2021,2.546
1/20/2021,2.539
1/21/2021,2.491
1/22/2021,2.446
1/25/2021,2.602
1/26/2021,2.656
1/27/2021,2.760
1/28/2021,2.664
1/29/2021,2.564
2/1/2021,2.850
2/2/2021,2.845
2/3/2021,2.789
2/4/2021,2.935
2/5/2021,2.863
2/8/2021,2.882
2/9/2021,2.835
2/10/2021,2.911
2/11/2021,2.868
2/12/2021,2.912
2/16/2021,3.129
2/17/2021,3.219
2/18/2021,3.082
2/19/2021,3.069
2/22/2021,2.953
2/23/2021,2.879
2/24/2021,2.854
2/25/2021,2.777
2/26/2021,2.771
3/1/2021,2.777
3/2/2021,2.839
3/3/2021,2.816
3/4/2021,2.746
3/5/2021,2.701
3/8/2021,2.664
3/9/2021,2.662
3/10/2021,2.692
3/11/2021,2.668
3/12/2021,2.600
3/15/2021,2.484
3/16/2021,2.562
3/17/2021,2.528
3/18/2021,2.481
3/19/2021,2.535
3/22/2021,2.582
3/23/2021,2.508
3/24/2021,2.518
3/25/2021,2.570
3/26/2021,2.557
3/29/2021,2.586
3/30/2021,2.623
3/31/2021,2.608
4/1/2021,2.639
4/5/2021,2.511
4/6/2021,2.456
4/7/2021,2.520
4/8/2021,2.522
4/9/2021,2.526
4/12/2021,2.561
4/13/2021,2.619
4/14/2021,2.618
4/15/2021,2.658
4/16/2021,2.680
4/19/2021,2.749
4/20/2021,2.727
4/21/2021,2.692
4/22/2021,2.749
4/23/2021,2.730
4/26/2021,2.790
4/27/2021,2.873
4/28/2021,2.925
4/29/2021,2.911
4/30/2021,2.931
5/3/2021,2.966
5/4/2021,2.967
5/5/2021,2.938
5/6/2021,2.928
5/7/2021,2.958
5/10/2021,2.932
5/11/2021,2.955
5/12/2021,2.969
5/13/2021,2.973
5/14/2021,2.961
5/17/2021,3.109
5/18/2021,3.012
5/19/2021,2.964
5/20/2021,2.925
5/21/2021,2.906
5/24/2021,2.886
5/25/2021,2.913
5/26/2021,2.984
5/27/2021,2.958
5/28/2021,2.986
6/1/2021,3.104
6/2/2021,3.075
6/3/2021,3.041
6/4/2021,3.097
6/7/2021,3.070
6/8/2021,3.128
6/9/2021,3.129
6/10/2021,3.149
6/11/2021,3.296
6/14/2021,3.352
6/15/2021,3.240
6/16/2021,3.251
6/17/2021,3.253
6/18/2021,3.215
6/21/2021,3.191
6/22/2021,3.258
6/23/2021,3.333
6/24/2021,3.418
6/25/2021,3.496
6/28/2021,3.617
6/29/2021,3.630
6/30/2021,3.650
7/1/2021,3.661
7/2/2021,3.700
7/6/2021,3.637
7/7/2021,3.596
7/8/2021,3.688
7/9/2021,3.674
7/12/2021,3.749
7/13/2021,3.696
7/14/2021,3.660
7/15/2021,3.614
7/16/2021,3.674
7/19/2021,3.779
7/20/2021,3.876
7/21/2021,3.959
7/22/2021,4.003
7/23/2021,4.060
7/26/2021,4.102
7/27/2021,3.971
7/28/2021,4.044
7/29/2021,4.059
7/30/2021,3.914
8/2/2021,3.935
8/3/2021,4.027
8/4/2021,4.158
8/5/2021,4.140
8/6/2021,4.140
8/9/2021,4.060
8/10/2021,4.089
8/11/2021,4.059
8/12/2021,3.933
8/13/2021,3.861
8/16/2021,3.946
8/17/2021,3.837
8/18/2021,3.852
8/19/2021,3.830
8/20/2021,3.851
8/23/2021,3.945
8/24/2021,3.896
8/25/2021,3.897
8/26/2021,4.184
8/27/2021,4.370
8/30/2021,4.305
8/31/2021,4.377
9/1/2021,4.615
9/2/2021,4.641
9/3/2021,4.712
9/7/2021,4.568
9/8/2021,4.914
9/9/2021,5.031
9/10/2021,4.938
9/13/2021,5.231
9/14/2021,5.260
9/15/2021,5.460
9/16/2021,5.335
9/17/2021,5.105
9/20/2021,4.985
9/21/2021,4.805
9/22/2021,4.805
9/23/2021,4.976
9/24/2021,5.140
9/27/2021,5.706
9/28/2021,5.841
9/29/2021,5.477
9/30/2021,5.867
10/1/2021,5.619
10/4/2021,5.766
10/5/2021,6.312
10/6/2021,5.675
10/7/2021,5.677
10/8/2021,5.565
10/11/2021,5.345
10/12/2021,5.505
10/13/2021,5.590
10/14/2021,5.687
10/15/2021,5.410
10/18/2021,4.989
10/19/2021,5.088
10/20/2021,5.170
10/21/2021,5.115
10/22/2021,5.280
10/25/2021,5.898
10/26/2021,5.882
10/27/2021,6.202
10/28/2021,5.782
10/29/2021,5.426
11/1/2021,5.186
11/2/2021,5.542
11/3/2021,5.670
11/4/2021,5.716
11/5/2021,5.516
11/8/2021,5.427
11/9/2021,4.979
11/10/2021,4.880
11/11/2021,5.149
11/12/2021,4.791
11/15/2021,5.017
11/16/2021,5.177
11/17/2021,4.816
11/18/2021,4.902
11/19/2021,5.065
11/22/2021,4.789
11/23/2021,4.967
11/24/2021,5.068
11/26/2021,5.447
11/29/2021,4.854
11/30/2021,4.567
12/1/2021,4.258
12/2/2021,4.056
12/3/2021,4.132
12/6/2021,3.657
12/7/2021,3.708
12/8/2021,3.815
12/9/2021,3.814
12/10/2021,3.925
12/13/2021,3.794
12/14/2021,3.747
12/15/2021,3.802
12/16/2021,3.766
12/17/2021,3.690
12/20/2021,3.834
12/21/2021,3.869
12/22/2021,3.976
12/23/2021,3.731
12/27/2021,4.060
12/28/2021,4.055
12/29/2021,4.024
12/30/2021,3.561
12/31/2021,3.730
1/3/2022,3.815
1/4/2022,3.717
1/5/2022,3.882
1/6/2022,3.812
1/7/2022,3.916
1/10/2022,4.079
1/11/2022,4.249
1/12/2022,4.857
1/13/2022,4.270
1/14/2022,4.262
1/18/2022,4.283
1/19/2022,4.031
1/20/2022,3.802
1/21/2022,3.999
1/24/2022,4.027
1/25/2022,4.053
1/26/2022,4.277
1/27/2022,6.265
1/28/2022,4.639
1/31/2022,4.874
2/1/2022,4.751
2/2/2022,5.501
2/3/2022,4.888
2/4/2022,4.572
2/7/2022,4.232
2/8/2022,4.248
2/9/2022,4.009
2/10/2022,3.959
2/11/2022,3.941
2/14/2022,4.195
2/15/2022,4.306
2/16/2022,4.717
2/17/2022,4.486
2/18/2022,4.431
2/22/2022,4.498
2/23/2022,4.623
2/24/2022,4.568
2/25/2022,4.470
2/28/2022,4.402
3/1/2022,4.573
3/2/2022,4.762
3/3/2022,4.722
3/4/2022,5.016
3/7/2022,4.833
3/8/2022,4.527
3/9/2022,4.526
3/10/2022,4.631
3/11/2022,4.725
3/14/2022,4.658
3/15/2022,4.568
3/16/2022,4.748
3/17/2022,4.990
3/18/2022,4.863
3/21/2022,4.900
3/22/2022,5.187
3/23/2022,5.232
3/24/2022,5.401
3/25/2022,5.571
3/28/2022,5.508
3/29/2022,5.336
3/30/2022,5.605
3/31/2022,5.642
4/1/2022,5.720
4/4/2022,5.712
4/5/2022,6.032
4/6/2022,6.029
4/7/2022,6.359
4/8/2022,6.278
4/11/2022,6.643
4/12/2022,6.680
4/13/2022,6.997
4/14/2022,7.300
4/18/2022,7.820
4/19/2022,7.176
4/20/2022,6.937
4/21/2022,6.957
4/22/2022,6.534
4/25/2022,6.669
4/26/2022,6.850
4/27/2022,7.267
4/28/2022,6.888
4/29/2022,7.244
5/2/2022,7.475
5/3/2022,7.954
5/4/2022,8.415
5/5/2022,8.783
5/6/2022,8.043
5/9/2022,7.026
5/10/2022,7.385
5/11/2022,7.640
5/12/2022,7.739
5/13/2022,7.663
5/16/2022,7.956
5/17/2022,8.304
5/18/2022,8.368
5/19/2022,8.308
5/20/2022,8.083
5/23/2022,8.744
5/24/2022,8.796
5/25/2022,8.971
5/26/2022,8.908
5/27/2022,8.727
5/31/2022,8.145
6/1/2022,8.696
6/2/2022,8.485
6/3/2022,8.523
6/6/2022,9.322
6/7/2022,9.293
6/8/2022,8.699
6/9/2022,8.963
6/10/2022,8.850
6/13/2022,8.609
6/14/2022,7.189
6/15/2022,7.420
6/16/2022,7.464
6/17/2022,6.944
6/21/2022,6.808
6/22/2022,6.858
6/23/2022,6.239
6/24/2022,6.220
6/27/2022,6.501
6/28/2022,6.551
6/29/2022,6.498
6/30/2022,5.424
7/1/2022,5.730
7/5/2022,5.523
7/6/2022,5.510
7/7/2022,6.297
7/8/2022,6.034
7/11/2022,6.426
7/12/2022,6.163
7/13/2022,6.689
7/14/2022,6.600
7/15/2022,7.016
7/18/2022,7.479
7/19/2022,7.264
7/20/2022,8.007
7/21/2022,7.932
7/22/2022,8.299
7/25/2022,8.727
7/26/2022,8.993
7/27/2022,8.687
7/28/2022,8.134
7/29/2022,8.229
8/1/2022,8.283
8/2/2022,7.706
8/3/2022,8.266
8/4/2022,8.122
8/5/2022,8.064
8/8/2022,7.589
8/9/2022,7.833
8/10/2022,8.202
8/11/2022,8.874
8/12/2022,8.768
8/15/2022,8.728
8/16/2022,9.329
8/17/2022,9.244
8/18/2022,9.188
8/19/2022,9.336
8/22/2022,9.680
8/23/2022,9.193
8/24/2022,9.330
8/25/2022,9.375
8/26/2022,9.296
8/29/2022,9.353
8/30/2022,9.042
8/31/2022,9.127
9/1/2022,9.262
9/2/2022,8.786
9/6/2022,8.145
9/7/2022,7.842
9/8/2022,7.915
9/9/2022,7.996
9/12/2022,8.249
9/13/2022,8.284
9/14/2022,9.114
9/15/2022,8.324
9/16/2022,7.764
9/19/2022,7.752
9/20/2022,7.717
9/21/2022,7.779
9/22/2022,7.089
9/23/2022,6.828
9/26/2022,6.903
9/27/2022,6.651
9/28/2022,6.868
9/29/2022,6.874
9/30/2022,6.766
10/3/2022,6.470
10/4/2022,6.837
10/5/2022,6.930
10/6/2022,6.972
10/7/2022,6.748
10/10/2022,6.435
10/11/2022,6.596
10/12/2022,6.435
10/13/2022,6.741
10/14/2022,6.453
10/17/2022,5.999
10/18/2022,5.745
10/19/2022,5.462
10/20/2022,5.358
10/21/2022,4.959
10/24/2022,5.199
10/25/2022,5.613
10/26/2022,5.606
10/27/2022,5.186
10/28/2022,5.684
10/31/2022,6.355
11/1/2022,5.714
11/2/2022,6.268
11/3/2022,5.975
11/4/2022,6.400
11/7/2022,6.944
11/8/2022,6.138
11/9/2022,5.865
11/10/2022,6.239
11/11/2022,5.879
11/14/2022,5.933
11/15/2022,6.034
11/16/2022,6.200
11/17/2022,6.369
11/18/2022,6.303
11/21/2022,6.776
11/22/2022,6.779
11/23/2022,7.308
11/25/2022,7.024
11/28/2022,6.712
11/29/2022,7.235
11/30/2022,6.930
12/1/2022,6.738
12/2/2022,6.281
12/5/2022,5.577
12/6/2022,5.469
12/7/2022,5.723
12/8/2022,5.962
12/9/2022,6.245
12/12/2022,6.587
12/13/2022,6.935
12/14/2022,6.430
12/15/2022,6.970
12/16/2022,6.600
12/19/2022,5.851
12/20/2022,5.326
12/21/2022,5.332
12/22/2022,4.999
12/23/2022,5.079
12/27/2022,5.282
12/28/2022,4.709
12/29/2022,4.559
12/30/2022,4.475
1/3/2023,3.988
1/4/2023,4.172
1/5/2023,3.720
1/6/2023,3.710
1/9/2023,3.910
1/10/2023,3.639
1/11/2023,3.671
1/12/2023,3.695
1/13/2023,3.419
1/17/2023,3.586
1/18/2023,3.311
1/19/2023,3.275
1/20/2023,3.174
1/23/2023,3.447
1/24/2023,3.258
1/25/2023,3.067
1/26/2023,2.944
1/27/2023,3.109
1/30/2023,2.677
1/31/2023,2.684
2/1/2023,2.468
2/2/2023,2.456
2/3/2023,2.410
2/6/2023,2.457
2/7/2023,2.584
2/8/2023,2.396
2/9/2023,2.430
2/10/2023,2.514
2/13/2023,2.405
2/14/2023,2.567
2/15/2023,2.471
2/16/2023,2.389
2/17/2023,2.275
2/21/2023,2.073
2/22/2023,2.174
2/23/2023,2.314
2/24/2023,2.451
2/27/2023,2.731
2/28/2023,2.747
3/1/2023,2.811
3/2/2023,2.765
3/3/2023,3.009
3/6/2023,2.572
3/7/2023,2.687
3/8/2023,2.551
3/9/2023,2.543
3/10/2023,2.430
3/13/2023,2.606
3/14/2023,2.573
3/15/2023,2.439
3/16/2023,2.514
3/17/2023,2.338
3/20/2023,2.223
3/21/2023,2.348
3/22/2023,2.171
3/23/2023,2.154
3/24/2023,2.216
3/27/2023,2.088
3/28/2023,2.030
3/29/2023,1.991
3/30/2023,2.104
3/31/2023,2.216
4/3/2023,2.097
4/4/2023,2.106
4/5/2023,2.155
4/6/2023,2.011
4/10/2023,2.172
4/11/2023,2.186
4/12/2023,2.093
4/13/2023,2.007
4/14/2023,2.114
4/17/2023,2.275
4/18/2023,2.366
4/19/2023,2.222
4/20/2023,2.249
4/21/2023,2.233
4/24/2023,2.273
4/25/2023,2.307
4/26/2023,2.117
4/27/2023,2.355
4/28/2023,2.410
5/1/2023,2.318
5/2/2023,2.214
5/3/2023,2.170
5/4/2023,2.101
5/5/2023,2.137
5/8/2023,2.238
5/9/2023,2.267
5/10/2023,2.191
5/11/2023,2.190
5/12/2023,2.266
5/15/2023,2.375
5/16/2023,2.376
5/17/2023,2.365
5/18/2023,2.592
5/19/2023,2.585
5/22/2023,2.400
5/23/2023,2.321
5/24/2023,2.398
5/25/2023,2.307
5/26/2023,2.181
5/30/2023,2.327
5/31/2023,2.266
6/1/2023,2.158
6/2/2023,2.172
6/5/2023,2.245
6/6/2023,2.262
6/7/2023,2.329
6/8/2023,2.352
6/9/2023,2.254
6/12/2023,2.266
6/13/2023,2.340
6/14/2023,2.342
6/15/2023,2.533
6/16/2023,2.632
6/20/2023,2.492
6/21/2023,2.597
6/22/2023,2.608
6/23/2023,2.729
6/26/2023,2.791
6/27/2023,2.763
6/28/2023,2.603
6/29/2023,2.701
6/30/2023,2.798
7/3/2023,2.709
7/5/2023,2.657
7/6/2023,2.609
7/7/2023,2.582
7/10/2023,2.669
7/11/2023,2.731
7/12/2023,2.632
7/13/2023,2.545
7/14/2023,2.539
7/17/2023,2.512
7/18/2023,2.629
7/19/2023,2.603
7/20/2023,2.757
7/21/2023,2.713
7/24/2023,2.685
7/25/2023,2.730
7/26/2023,2.665
7/27/2023,2.492
7/28/2023,2.638
7/31/2023,2.634
8/1/2023,2.560
8/2/2023,2.477
8/3/2023,2.565
8/4/2023,2.577
8/7/2023,2.725
8/8/2023,2.777
8/9/2023,2.959
8/10/2023,2.763
8/11/2023,2.770
8/14/2023,2.795
8/15/2023,2.659
8/16/2023,2.592
8/17/2023,2.621
8/18/2023,2.551
8/21/2023,2.632
8/22/2023,2.560
8/23/2023,2.497
8/24/2023,2.519
8/25/2023,2.540
8/28/2023,2.579
8/29/2023,2.556
8/30/2023,2.796
8/31/2023,2.768
9/1/2023,2.765
9/5/2023,2.582
9/6/2023,2.510
9/7/2023,2.579
9/8/2023,2.605
9/11/2023,2.608
9/12/2023,2.743
9/13/2023,2.680
9/14/2023,2.708
9/15/2023,2.644
9/18/2023,2.728
9/19/2023,2.848
9/20/2023,2.733
9/21/2023,2.610
9/22/2023,2.637
9/25/2023,2.639
9/26/2023,2.656
9/27/2023,2.764
9/28/2023,2.945
9/29/2023,2.929
10/2/2023,2.840
10/3/2023,2.949
10/4/2023,2.962
10/5/2023,3.166
10/6/2023,3.338
10/9/2023,3.376
10/10/2023,3.382
10/11/2023,3.377
10/12/2023,3.344
10/13/2023,3.236
10/16/2023,3.109
10/17/2023,3.079
10/18/2023,3.056
10/19/2023,2.957
10/20/2023,2.899
10/23/2023,2.926
10/24/2023,2.971
10/25/2023,3.010
10/26/2023,3.214
10/27/2023,3.164
10/30/2023,3.352
10/31/2023,3.575
11/1/2023,3.494
11/2/2023,3.472
11/3/2023,3.515
11/6/2023,3.264
11/7/2023,3.140
11/8/2023,3.106
11/9/2023,3.041
11/10/2023,3.033
11/13/2023,3.197
11/14/2023,3.106
11/15/2023,3.190
11/16/2023,3.062
11/17/2023,2.960
11/20/2023,2.882
11/21/2023,2.846
11/22/2023,2.897
11/24/2023,2.855
11/27/2023,2.794
11/28/2023,2.706
11/29/2023,2.804
11/30/2023,2.802
12/1/2023,2.814
12/4/2023,2.694
12/5/2023,2.710
12/6/2023,2.569
12/7/2023,2.585
12/8/2023,2.581
12/11/2023,2.431
12/12/2023,2.311
12/13/2023,2.335
12/14/2023,2.392
12/15/2023,2.491
12/18/2023,2.503
12/19/2023,2.492
12/20/2023,2.447
12/21/2023,2.572
12/22/2023,2.610
12/26/2023,2.550
12/27/2023,2.619
12/28/2023,2.557
12/29/2023,2.514
1/2/2024,2.568
1/3/2024,2.668
1/4/2024,2.821
1/5/2024,2.893
1/8/2024,2.980
1/9/2024,3.190
1/10/2024,3.039
1/11/2024,3.097
1/12/2024,3.313
1/16/2024,2.900
1/17/2024,2.870
1/18/2024,2.697
1/19/2024,2.519
1/22/2024,2.419
1/23/2024,2.450
1/24/2024,2.641
1/25/2024,2.571
1/26/2024,2.712
1/29/2024,2.490
1/30/2024,2.077
1/31/2024,2.100
2/1/2024,2.050
2/2/2024,2.079
2/5/2024,2.082
2/6/2024,2.009
2/7/2024,1.967
2/8/2024,1.917
2/9/2024,1.847
2/12/2024,1.768
2/13/2024,1.689
2/14/2024,1.609
2/15/2024,1.581
2/16/2024,1.609
2/20/2024,1.576
2/21/2024,1.773
2/22/2024,1.732
2/23/2024,1.603
2/26/2024,1.659
2/27/2024,1.615
2/28/2024,1.885
2/29/2024,1.860
3/1/2024,1.835
3/4/2024,1.916
3/5/2024,1.957
3/6/2024,1.929
3/7/2024,1.818
3/8/2024,1.805
3/11/2024,1.759
3/12/2024,1.714
3/13/2024,1.658
3/14/2024,1.741
3/15/2024,1.655
3/18/2024,1.703
3/19/2024,1.744
3/20/2024,1.699
3/21/2024,1.683
3/22/2024,1.659
3/25/2024,1.615
3/26/2024,1.575
3/27/2024,1.718
3/28/2024,1.763
4/1/2024,1.837
4/2/2024,1.862
4/3/2024,1.841
4/4/2024,1.774
4/5/2024,1.785
4/8/2024,1.844
4/9/2024,1.872
4/10/2024,1.885
4/11/2024,1.764
4/12/2024,1.770
4/15/2024,1.691
4/16/2024,1.732
4/17/2024,1.712
4/18/2024,1.757
4/19/2024,1.752
4/22/2024,1.791
4/23/2024,1.812
4/24/2024,1.653
4/25/2024,1.638
4/26/2024,1.614
4/29/2024,2.030
4/30/2024,1.991
5/1/2024,1.932
5/2/2024,2.035
5/3/2024,2.142
5/6/2024,2.195
5/7/2024,2.207
5/8/2024,2.187
5/9/2024,2.301
5/10/2024,2.252
5/13/2024,2.381
5/14/2024,2.344
5/15/2024,2.416
5/16/2024,2.495
5/17/2024,2.626
5/20/2024,2.751
5/21/2024,2.671
5/22/2024,2.842
5/23/2024,2.657
5/24/2024,2.520
5/28/2024,2.590
5/29/2024,2.493
5/30/2024,2.572
5/31/2024,2.587
6/3/2024,2.756
6/4/2024,2.586
6/5/2024,2.757
6/6/2024,2.821
6/7/2024,2.918
6/10/2024,2.906
6/11/2024,3.129
6/12/2024,3.045
6/13/2024,2.959
6/14/2024,2.881
6/17/2024,2.788
6/18/2024,2.909
6/20/2024,2.741
6/21/2024,2.705
6/24/2024,2.811
6/25/2024,2.756
6/26/2024,2.628
6/27/2024,2.685
6/28/2024,2.601
7/1/2024,2.478
7/2/2024,2.435
7/3/2024,2.418
7/5/2024,2.319
7/8/2024,2.366
7/9/2024,2.344
7/10/2024,2.329
7/11/2024,2.268
7/12/2024,2.329
7/15/2024,2.158
7/16/2024,2.188
7/17/2024,2.035
7/18/2024,2.125
7/19/2024,2.128
7/22/2024,2.251
7/23/2024,2.187
7/24/2024,2.117
7/25/2024,2.041
7/26/2024,2.006
7/29/2024,1.907
7/30/2024,2.126
7/31/2024,2.036
8/1/2024,1.968
8/2/2024,1.967
8/5/2024,1.942
8/6/2024,2.010
8/7/2024,2.112
8/8/2024,2.127
8/9/2024,2.143
8/12/2024,2.189
8/13/2024,2.148
8/14/2024,2.219
8/15/2024,2.197
8/16/2024,2.123
8/19/2024,2.235
8/20/2024,2.198
8/21/2024,2.177
8/22/2024,2.053
8/23/2024,2.022
8/26/2024,1.956
8/27/2024,1.904
8/28/2024,1.930
8/29/2024,2.137
8/30/2024,2.127
9/3/2024,2.203
9/4/2024,2.145
9/5/2024,2.254
9/6/2024,2.275
9/9/2024,2.170
9/10/2024,2.232
9/11/2024,2.270
9/12/2024,2.357
9/13/2024,2.305
9/16/2024,2.373
9/17/2024,2.324
9/18/2024,2.284
9/19/2024,2.348
9/20/2024,2.434
9/23/2024,2.613
9/24/2024,2.551
9/25/2024,2.637
9/26/2024,2.585
9/27/2024,2.902
9/30/2024,2.923
10/1/2024,2.896
10/2/2024,2.886
10/3/2024,2.970
10/4/2024,2.854
10/7/2024,2.746
10/8/2024,2.733
10/9/2024,2.660
10/10/2024,2.675
10/11/2024,2.632
10/14/2024,2.494
10/15/2024,2.498
10/16/2024,2.367
10/17/2024,2.347
10/18/2024,2.258
10/21/2024,2.312
10/22/2024,2.311
10/23/2024,2.342
10/24/2024,2.522
10/25/2024,2.560
10/28/2024,2.309
10/29/2024,2.346
10/30/2024,2.845
10/31/2024,2.707
11/1/2024,2.663
11/4/2024,2.781
11/5/2024,2.670
11/6/2024,2.747
11/7/2024,2.693
11/8/2024,2.669
11/11/2024,2.920
11/12/2024,2.907
11/13/2024,2.983
11/14/2024,2.785
11/15/2024,2.823
11/18/2024,2.973
11/19/2024,2.998
11/20/2024,3.193
11/21/2024,3.339
11/22/2024,3.129
11/25/2024,3.369
11/26/2024,3.431
11/27/2024,3.204
11/29/2024,3.363
12/2/2024,3.213
12/3/2024,3.042
12/4/2024,3.043
12/5/2024,3.079
12/6/2024,3.076
12/9/2024,3.182
12/10/2024,3.163
12/11/2024,3.378
12/12/2024,3.455
12/13/2024,3.280
12/16/2024,3.214
12/17/2024,3.308
12/18/2024,3.374
12/19/2024,3.584
12/20/2024,3.748
12/23/2024,3.656
12/24/2024,3.946
12/26/2024,3.715
12/27/2024,3.514
12/30/2024,3.936
12/31/2024,3.633
1/2/2025,3.660
1/3/2025,3.354
1/6/2025,3.672
1/7/2025,3.449
1/8/2025,3.651
1/9/2025,3.701
1/10/2025,3.989
1/13/2025,3.934
1/14/2025,3.968
1/15/2025,4.083
1/16/2025,4.258
1/17/2025,3.948
1/21/2025,3.756
1/22/2025,3.960
1/23/2025,3.945
1/24/2025,4.027
1/27/2025,3.697
1/28/2025,3.471
1/29/2025,3.535
1/30/2025,3.047
1/31/2025,3.044
2/3/2025,3.352
2/4/2025,3.253
2/5/2025,3.360
2/6/2025,3.408
2/7/2025,3.309
2/10/2025,3.444
2/11/2025,3.519
2/12/2025,3.565
2/13/2025,3.628
2/14/2025,3.725
2/18/2025,4.007
2/19/2025,4.280
2/20/2025,4.152
2/21/2025,4.234
2/24/2025,3.994
2/25/2025,4.174
2/26/2025,3.906
2/27/2025,3.934
2/28/2025,3.834
3/3/2025,4.122
3/4/2025,4.350
3/5/2025,4.450
3/6/2025,4.302
3/7/2025,4.399
3/10/2025,4.491
3/11/2025,4.453
3/12/2025,4.084
3/13/2025,4.111
3/14/2025,4.104
3/17/2025,4.018
3/18/2025,4.052
3/19/2025,4.247
3/20/2025,3.975
3/21/2025,3.980
3/24/2025,3.914
3/25/2025,3.840
3/26/2025,3.861
3/27/2025,3.950
3/28/2025,4.065
3/31/2025,4.119
4/1/2025,3.951
4/2/2025,4.055
4/3/2025,4.138
4/4/2025,3.837
4/7/2025,3.655
4/8/2025,3.465
4/9/2025,3.816
4/10/2025,3.557
4/11/2025,3.527
4/14/2025,3.325
4/15/2025,3.329
4/16/2025,3.247
4/17/2025,3.245
4/21/2025,3.016
4/22/2025,3.007
4/23/2025,3.022
4/24/2025,2.930
4/25/2025,2.937
4/28/2025,3.170
4/29/2025,3.386
4/30/2025,3.326
5/1/2025,3.479
5/2/2025,3.630
5/5/2025,3.550
5/6/2025,3.463
5/7/2025,3.621
5/8/2025,3.592
5/9/2025,3.795
5/12/2025,3.646
5/13/2025,3.647
5/14/2025,3.492
5/15/2025,3.362
5/16/2025,3.334
5/19/2025,3.113
5/20/2025,3.427
5/21/2025,3.368
5/22/2025,3.253
5/23/2025,3.334
5/27/2025,3.398
5/28/2025,3.204
5/29/2025,3.522
5/30/2025,3.447
6/2/2025,3.694
6/3/2025,3.722
6/4/2025,3.716
6/5/2025,3.677
6/6/2025,3.784
6/9/2025,3.635
6/10/2025,3.533
6/11/2025,3.507
6/12/2025,3.492
6/13/2025,3.581
6/16/2025,3.748
6/17/2025,3.851
6/18/2025,3.989
6/20/2025,3.847
6/23/2025,3.698
6/24/2025,3.537
6/25/2025,3.406
6/26/2025,3.261
6/27/2025,3.739
6/30/2025,3.456
7/1/2025,3.415
7/2/2025,3.488
7/3/2025,3.409
7/7/2025,3.412
7/8/2025,3.340
7/9/2025,3.214
7/10/2025,3.337
7/11/2025,3.314
7/14/2025,3.466
7/15/2025,3.523
7/16/2025,3.551
7/17/2025,3.542
7/18/2025,3.565
7/21/2025,3.325
7/22/2025,3.252
7/23/2025,3.077
7/24/2025,3.094
7/25/2025,3.110
7/28/2025,2.988
7/29/2025,3.081
7/30/2025,3.045
7/31/2025,3.106
8/1/2025,3.083
8/4/2025,2.932
8/5/2025,3.010
8/6/2025,3.077
8/7/2025,3.067
8/8/2025,2.990
8/11/2025,2.954
8/12/2025,2.808
8/13/2025,2.828
8/14/2025,2.841
8/15/2025,2.916
8/18/2025,2.890
8/19/2025,2.766
8/20/2025,2.752
8/21/2025,2.826
8/22/2025,2.698
8/25/2025,2.696
8/26/2025,2.717
8/27/2025,2.867
8/28/2025,2.944
8/29/2025,2.997
9/2/2025,3.009
9/3/2025,3.064
9/4/2025,3.074
9/5/2025,3.048
9/8/2025,3.090
9/9/2025,3.117
9/10/2025,3.029
9/11/2025,2.934
9/12/2025,2.941
9/15/2025,3.043
9/16/2025,3.103
9/17/2025,3.100
9/18/2025,2.939
9/19/2025,2.888
9/22/2025,2.806
9/23/2025,2.853
9/24/2025,2.858
9/25/2025,2.904
9/26/2025,2.835
9/29/2025,3.267
9/30/2025,3.303
10/1/2025,3.476
10/2/2025,3.442
10/3/2025,3.324
10/6/2025,3.357
10/7/2025,3.498
10/8/2025,3.333
10/9/2025,3.269
10/10/2025,3.106
10/13/2025,3.118
10/14/2025,3.028
10/15/2025,3.016
10/16/2025,2.938
10/17/2025,3.008
10/20/2025,3.397
